,Alto35,Bass35,HarmonicRhythm7,LocalKey38,PitchClassSet121,RomanNumeral31,Soprano35,Tenor35,TonicizedKey38,offset,measure
0,G,C,0,C,"(0, 4, 7)",I,C,E,C,0.0,1.0
1,G,C,1,C,"(0, 4, 7)",I,C,E,C,0.125,1.0
2,G,C,2,C,"(0, 4, 7)",I,C,E,C,0.25,1.0
3,G,C,2,C,"(0, 4, 7)",I,C,E,C,0.375,1.0
4,G,C,3,C,"(0, 4, 7)",I,C,E,C,0.5,1.0
5,G,C,3,C,"(0, 4, 7)",I,C,E,C,0.625,1.0
6,G,C,3,C,"(0, 4, 7)",I,C,E,C,0.75,1.0
7,G,C,3,C,"(0, 4, 7)",I,C,E,C,0.875,1.0
8,G,C,4,C,"(0, 4, 7)",I,C,E,C,1.0,1.0
9,G,C,4,C,"(0, 4, 7)",I,C,E,C,1.125,1.0
10,G,C,4,C,"(0, 4, 7)",I,C,E,C,1.25,1.0
11,G,C,4,C,"(0, 4, 7)",I,C,E,C,1.375,1.0
12,G,C,4,C,"(0, 4, 7)",I,C,E,C,1.5,1.0
13,G,C,4,C,"(0, 4, 7)",I,C,E,C,1.625,1.0
14,G,C,4,C,"(0, 4, 7)",I,C,E,C,1.75,1.0
15,G,C,4,C,"(0, 4, 7)",I,C,E,C,1.875,1.0
16,G,C,5,C,"(0, 4, 7)",I,C,E,C,2.0,1.0
17,G,C,5,C,"(0, 4, 7)",I,C,E,C,2.125,1.0
18,G,C,5,C,"(0, 4, 7)",I,C,E,C,2.25,1.0
19,G,C,5,C,"(0, 4, 7)",I,C,E,C,2.375,1.0
20,G,C,5,C,"(0, 4, 7)",I,C,E,C,2.5,1.0
21,G,C,5,C,"(0, 4, 7)",I,C,E,C,2.625,1.0
22,G,C,5,C,"(0, 4, 7)",I,C,E,C,2.75,1.0
23,G,C,5,C,"(0, 4, 7)",I,C,E,C,2.875,1.0
24,G,C,5,C,"(0, 4, 7)",I,C,E,C,3.0,1.0
25,G,C,5,C,"(0, 4, 7)",I,C,E,C,3.125,1.0
26,G,C,5,C,"(0, 4, 7)",I,C,E,C,3.25,1.0
27,G,C,5,C,"(0, 4, 7)",I,C,E,C,3.375,1.0
28,G,C,5,C,"(0, 4, 7)",I,C,E,C,3.5,1.0
29,G,C,5,C,"(0, 4, 7)",I,C,E,C,3.625,1.0
30,G,C,5,C,"(0, 4, 7)",I,C,E,C,3.75,1.0
31,G,C,5,C,"(0, 4, 7)",I,C,E,C,3.875,1.0
32,G,D,0,C,"(2, 5, 7, 11)",V7,B,F,C,4.0,2.0
33,G,D,1,C,"(2, 5, 7, 11)",V7,B,F,C,4.125,2.0
34,G,D,2,C,"(2, 5, 7, 11)",V7,B,F,C,4.25,2.0
35,G,D,2,C,"(2, 5, 7, 11)",V7,B,F,C,4.375,2.0
36,G,D,3,C,"(2, 5, 7, 11)",V7,B,F,C,4.5,2.0
37,G,D,3,C,"(2, 5, 7, 11)",V7,B,F,C,4.625,2.0
38,G,D,3,C,"(2, 5, 7, 11)",V7,B,F,C,4.75,2.0
39,G,D,3,C,"(2, 5, 7, 11)",V7,B,F,C,4.875,2.0
40,G,D,4,C,"(2, 5, 7, 11)",V7,B,F,C,5.0,2.0
41,G,D,4,C,"(2, 5, 7, 11)",V7,B,F,C,5.125,2.0
42,G,D,4,C,"(2, 5, 7, 11)",V7,B,F,C,5.25,2.0
43,G,D,4,C,"(2, 5, 7, 11)",V7,B,F,C,5.375,2.0
44,G,D,4,C,"(2, 5, 7, 11)",V7,B,F,C,5.5,2.0
45,G,D,4,C,"(2, 5, 7, 11)",V7,B,F,C,5.625,2.0
46,G,D,4,C,"(2, 5, 7, 11)",V7,B,F,C,5.75,2.0
47,G,D,4,C,"(2, 5, 7, 11)",V7,B,F,C,5.875,2.0
48,G,C,0,C,"(0, 4, 7)",I,C,E,C,6.0,2.0
49,G,C,1,C,"(0, 4, 7)",I,C,E,C,6.125,2.0
50,G,C,2,C,"(0, 4, 7)",I,C,E,C,6.25,2.0
51,G,C,2,C,"(0, 4, 7)",I,C,E,C,6.375,2.0
52,G,C,3,C,"(0, 4, 7)",I,C,E,C,6.5,2.0
53,G,C,3,C,"(0, 4, 7)",I,C,E,C,6.625,2.0
54,G,C,3,C,"(0, 4, 7)",I,C,E,C,6.75,2.0
55,G,C,3,C,"(0, 4, 7)",I,C,E,C,6.875,2.0
56,G,C,4,C,"(0, 4, 7)",I,C,E,C,7.0,2.0
57,G,C,4,C,"(0, 4, 7)",I,C,E,C,7.125,2.0
58,G,C,4,C,"(0, 4, 7)",I,C,E,C,7.25,2.0
59,G,C,4,C,"(0, 4, 7)",I,C,E,C,7.375,2.0
60,G,C,4,C,"(0, 4, 7)",I,C,E,C,7.5,2.0
61,G,C,4,C,"(0, 4, 7)",I,C,E,C,7.625,2.0
62,G,C,4,C,"(0, 4, 7)",I,C,E,C,7.75,2.0
63,G,C,4,C,"(0, 4, 7)",I,C,E,C,7.875,2.0
64,A,C,0,C,"(0, 5, 9)",IV,C,F,C,8.0,3.0
65,A,C,1,C,"(0, 5, 9)",IV,F,F,C,8.125,3.0
66,A,C,2,C,"(0, 5, 9)",IV,F,F,C,8.25,3.0
67,A,C,2,C,"(0, 5, 9)",IV,F,F,C,8.375,3.0
68,A,C,3,C,"(0, 5, 9)",IV,F,F,C,8.5,3.0
69,A,C,3,C,"(0, 5, 9)",IV,F,F,C,8.625,3.0
70,A,C,3,C,"(0, 5, 9)",IV,F,F,C,8.75,3.0
71,A,C,3,C,"(0, 5, 9)",IV,F,F,C,8.875,3.0
72,A,C,4,C,"(0, 5, 9)",IV,F,F,C,9.0,3.0
73,A,C,4,C,"(0, 5, 9)",IV,F,F,C,9.125,3.0
74,A,C,4,C,"(0, 5, 9)",IV,F,F,C,9.25,3.0
75,A,C,4,C,"(0, 5, 9)",IV,F,F,C,9.375,3.0
76,A,C,4,C,"(0, 5, 9)",IV,F,F,C,9.5,3.0
77,A,C,4,C,"(0, 5, 9)",IV,F,F,C,9.625,3.0
78,A,C,4,C,"(0, 5, 9)",IV,F,F,C,9.75,3.0
79,A,C,4,C,"(0, 5, 9)",IV,F,F,C,9.875,3.0
80,G,C,0,C,"(0, 4, 7)",I,C,E,C,10.0,3.0
81,G,C,5,C,"(0, 4, 7)",I,C,E,C,10.125,3.0
82,G,C,5,C,"(0, 4, 7)",I,C,E,C,10.25,3.0
83,G,C,2,C,"(0, 4, 7)",I,C,E,C,10.375,3.0
84,G,C,5,C,"(0, 4, 7)",I,C,E,C,10.5,3.0
85,G,C,5,C,"(0, 4, 7)",I,C,E,C,10.625,3.0
86,G,C,5,C,"(0, 4, 7)",I,C,E,C,10.75,3.0
87,G,C,5,C,"(0, 4, 7)",I,C,E,C,10.875,3.0
88,G,C,5,C,"(0, 4, 7)",I,C,E,C,11.0,3.0
89,G,C,5,C,"(0, 4, 7)",I,C,E,C,11.125,3.0
90,G,C,5,C,"(0, 4, 7)",I,C,E,C,11.25,3.0
91,G,C,5,C,"(0, 4, 7)",I,C,E,C,11.375,3.0
92,G,C,5,C,"(0, 4, 7)",I,C,E,C,11.5,3.0
93,G,C,5,C,"(0, 4, 7)",I,C,E,C,11.625,3.0
94,G,C,5,C,"(0, 4, 7)",I,C,E,C,11.75,3.0
95,G,C,5,C,"(0, 4, 7)",I,C,E,C,11.875,3.0
96,G,B,0,C,"(2, 5, 7, 11)",V7,G,D,C,12.0,4.0
97,G,B,1,C,"(2, 5, 7, 11)",V7,G,D,C,12.125,4.0
98,G,B,2,C,"(2, 5, 7, 11)",V7,G,D,C,12.25,4.0
99,G,B,2,C,"(2, 5, 7, 11)",V7,G,D,C,12.375,4.0
100,G,B,3,C,"(2, 5, 7, 11)",V7,G,D,C,12.5,4.0
101,G,B,3,C,"(2, 5, 7, 11)",V7,G,D,C,12.625,4.0
102,G,B,3,C,"(2, 5, 7, 11)",V7,G,D,C,12.75,4.0
103,G,B,3,C,"(2, 5, 7, 11)",V7,G,D,C,12.875,4.0
104,G,B,4,C,"(2, 5, 7, 11)",V7,G,D,C,13.0,4.0
105,G,B,4,C,"(2, 5, 7, 11)",V7,G,D,C,13.125,4.0
106,G,B,4,C,"(2, 5, 7, 11)",V7,G,D,C,13.25,4.0
107,G,B,4,C,"(2, 5, 7, 11)",V7,G,D,C,13.375,4.0
108,G,B,4,C,"(2, 5, 7, 11)",V7,G,D,C,13.5,4.0
109,G,B,4,C,"(2, 5, 7, 11)",V7,G,D,C,13.625,4.0
110,G,B,4,C,"(2, 5, 7, 11)",V7,G,D,C,13.75,4.0
111,G,B,4,C,"(2, 5, 7, 11)",V7,G,D,C,13.875,4.0
112,G,C,0,C,"(0, 4, 7)",I,C,E,C,14.0,4.0
113,G,C,1,C,"(0, 4, 7)",I,C,E,C,14.125,4.0
114,G,C,2,C,"(0, 4, 7)",I,C,E,C,14.25,4.0
115,G,C,2,C,"(0, 4, 7)",I,C,E,C,14.375,4.0
116,G,C,3,C,"(0, 4, 7)",I,C,E,C,14.5,4.0
117,G,C,3,C,"(0, 4, 7)",I,C,E,C,14.625,4.0
118,G,C,3,C,"(0, 4, 7)",I,C,E,C,14.75,4.0
119,G,C,3,C,"(0, 4, 7)",I,C,E,C,14.875,4.0
120,G,C,4,C,"(0, 4, 7)",I,C,E,C,15.0,4.0
121,G,C,4,C,"(0, 4, 7)",I,C,E,C,15.125,4.0
122,G,C,4,C,"(0, 4, 7)",I,C,E,C,15.25,4.0
123,G,C,4,C,"(0, 4, 7)",I,C,E,C,15.375,4.0
124,G,C,4,C,"(0, 4, 7)",I,C,E,C,15.5,4.0
125,G,C,4,C,"(0, 4, 7)",I,C,E,C,15.625,4.0
126,G,C,4,C,"(0, 4, 7)",I,C,E,C,15.75,4.0
127,G,C,4,C,"(0, 4, 7)",I,C,E,C,15.875,4.0
128,C,F,0,C,"(0, 5, 9)",IV,F,A,C,16.0,5.0
129,C,F,1,C,"(0, 5, 9)",IV,F,A,C,16.125,5.0
130,C,F,2,C,"(0, 5, 9)",IV,F,A,C,16.25,5.0
131,C,F,2,C,"(0, 5, 9)",IV,F,A,C,16.375,5.0
132,C,F,3,C,"(0, 5, 9)",IV,F,A,C,16.5,5.0
133,C,F,3,C,"(0, 5, 9)",IV,F,A,C,16.625,5.0
134,C,F,3,C,"(0, 5, 9)",IV,F,A,C,16.75,5.0
135,C,F,3,C,"(0, 5, 9)",IV,F,A,C,16.875,5.0
136,C,F,4,C,"(0, 5, 9)",IV,F,A,C,17.0,5.0
137,C,F,4,C,"(0, 5, 9)",IV,F,A,C,17.125,5.0
138,C,F,4,C,"(0, 5, 9)",IV,F,A,C,17.25,5.0
139,C,F,4,C,"(0, 5, 9)",IV,F,A,C,17.375,5.0
140,C,F,4,C,"(0, 5, 9)",IV,F,A,C,17.5,5.0
141,C,F,4,C,"(0, 5, 9)",IV,F,A,C,17.625,5.0
142,C,F,4,C,"(0, 5, 9)",IV,F,A,C,17.75,5.0
143,C,F,4,C,"(0, 5, 9)",IV,F,A,C,17.875,5.0
144,C,F,5,C,"(0, 5, 9)",IV,F,A,C,18.0,5.0
145,C,F,5,C,"(0, 5, 9)",IV,F,A,C,18.125,5.0
146,C,F,5,C,"(0, 5, 9)",IV,F,A,C,18.25,5.0
147,C,F,5,C,"(0, 5, 9)",IV,F,A,C,18.375,5.0
148,C,F,5,C,"(0, 5, 9)",IV,F,A,C,18.5,5.0
149,C,F,5,C,"(0, 5, 9)",IV,F,A,C,18.625,5.0
150,C,F,5,C,"(0, 5, 9)",IV,F,A,C,18.75,5.0
151,C,F,5,C,"(0, 5, 9)",IV,F,A,C,18.875,5.0
152,C,F,0,C,"(0, 5, 9)",IV,F,A,C,19.0,5.0
153,C,F,1,C,"(0, 5, 9)",IV,F,A,C,19.125,5.0
154,C,F,2,C,"(0, 5, 9)",IV,F,A,C,19.25,5.0
155,C,F,2,C,"(0, 5, 9)",IV,F,A,C,19.375,5.0
156,C,F,3,C,"(0, 5, 9)",IV,F,A,C,19.5,5.0
157,C,F,3,C,"(0, 5, 9)",IV,F,A,C,19.625,5.0
158,C,F,3,C,"(0, 5, 9)",IV,F,A,C,19.75,5.0
159,C,F,3,C,"(0, 5, 9)",IV,F,A,C,19.875,5.0
160,C,E,0,C,"(0, 4, 7)",I,C,G,C,20.0,6.0
161,C,E,1,C,"(0, 4, 7)",I,C,G,C,20.125,6.0
162,C,E,2,C,"(0, 4, 7)",I,C,G,C,20.25,6.0
163,C,E,2,C,"(0, 4, 7)",I,C,G,C,20.375,6.0
164,C,E,3,C,"(0, 4, 7)",I,C,G,C,20.5,6.0
165,C,E,3,C,"(0, 4, 7)",I,C,G,C,20.625,6.0
166,C,E,3,C,"(0, 4, 7)",I,C,G,C,20.75,6.0
167,C,E,3,C,"(0, 4, 7)",I,C,G,C,20.875,6.0
168,C,E,4,C,"(0, 4, 7)",I,C,G,C,21.0,6.0
169,C,E,4,C,"(0, 4, 7)",I,C,G,C,21.125,6.0
170,C,E,4,C,"(0, 4, 7)",I,C,G,C,21.25,6.0
171,C,E,4,C,"(0, 4, 7)",I,C,G,C,21.375,6.0
172,C,E,4,C,"(0, 4, 7)",I,C,G,C,21.5,6.0
173,C,E,4,C,"(0, 4, 7)",I,C,G,C,21.625,6.0
174,C,E,4,C,"(0, 4, 7)",I,C,G,C,21.75,6.0
175,C,E,4,C,"(0, 4, 7)",I,C,G,C,21.875,6.0
176,C,E,5,C,"(0, 4, 7)",I,C,G,C,22.0,6.0
177,C,E,5,C,"(0, 4, 7)",I,C,G,C,22.125,6.0
178,C,E,5,C,"(0, 4, 7)",I,C,G,C,22.25,6.0
179,C,E,5,C,"(0, 4, 7)",I,C,G,C,22.375,6.0
180,C,E,5,C,"(0, 4, 7)",I,C,G,C,22.5,6.0
181,C,E,5,C,"(0, 4, 7)",I,C,G,C,22.625,6.0
182,C,E,5,C,"(0, 4, 7)",I,C,G,C,22.75,6.0
183,C,E,5,C,"(0, 4, 7)",I,C,G,C,22.875,6.0
184,C,E,5,C,"(0, 4, 7)",I,C,G,C,23.0,6.0
185,C,E,5,C,"(0, 4, 7)",I,C,G,C,23.125,6.0
186,C,E,5,C,"(0, 4, 7)",I,C,G,C,23.25,6.0
187,C,E,5,C,"(0, 4, 7)",I,C,G,C,23.375,6.0
188,C,E,5,C,"(0, 4, 7)",I,C,G,C,23.5,6.0
189,C,E,5,C,"(0, 4, 7)",I,C,G,C,23.625,6.0
190,C,E,5,C,"(0, 4, 7)",I,C,G,C,23.75,6.0
191,C,E,5,C,"(0, 4, 7)",I,C,G,C,23.875,6.0
192,A,D,0,C,"(0, 2, 5, 9)",ii7,C,F,C,24.0,7.0
193,A,D,1,C,"(0, 2, 5, 9)",ii7,C,F,C,24.125,7.0
194,A,D,2,C,"(0, 2, 5, 9)",ii7,C,F,C,24.25,7.0
195,A,D,2,C,"(0, 2, 5, 9)",ii7,C,F,C,24.375,7.0
196,A,D,3,C,"(0, 2, 5, 9)",ii7,C,F,C,24.5,7.0
197,A,D,3,C,"(0, 2, 5, 9)",ii7,C,F,C,24.625,7.0
198,A,D,3,C,"(0, 2, 5, 9)",ii7,C,F,C,24.75,7.0
199,A,D,3,C,"(0, 2, 5, 9)",ii7,C,F,C,24.875,7.0
200,A,D,4,C,"(0, 2, 5, 9)",ii7,C,F,C,25.0,7.0
201,A,D,4,C,"(0, 2, 5, 9)",ii7,C,F,C,25.125,7.0
202,A,D,4,C,"(0, 2, 5, 9)",ii7,C,F,C,25.25,7.0
203,A,D,4,C,"(0, 2, 5, 9)",ii7,C,F,C,25.375,7.0
204,A,D,4,C,"(0, 2, 5, 9)",ii7,C,F,C,25.5,7.0
205,A,D,4,C,"(0, 2, 5, 9)",ii7,C,F,C,25.625,7.0
206,A,D,4,C,"(0, 2, 5, 9)",ii7,C,F,C,25.75,7.0
207,A,D,4,C,"(0, 2, 5, 9)",ii7,C,F,C,25.875,7.0
208,A,D,5,C,"(0, 2, 5, 9)",ii7,C,F,C,26.0,7.0
209,A,D,5,C,"(0, 2, 5, 9)",ii7,C,F,C,26.125,7.0
210,A,D,5,C,"(0, 2, 5, 9)",ii7,C,F,C,26.25,7.0
211,A,D,5,C,"(0, 2, 5, 9)",ii7,C,F,C,26.375,7.0
212,A,D,5,C,"(0, 2, 5, 9)",ii7,C,F,C,26.5,7.0
213,A,D,5,C,"(0, 2, 5, 9)",ii7,C,F,C,26.625,7.0
214,A,D,5,C,"(0, 2, 5, 9)",ii7,C,F,C,26.75,7.0
215,A,D,5,C,"(0, 2, 5, 9)",ii7,C,F,C,26.875,7.0
216,B,D,0,C,"(2, 5, 7, 11)",V7,B,F,C,27.0,7.0
217,B,D,1,C,"(2, 5, 7, 11)",V7,B,F,C,27.125,7.0
218,B,D,2,C,"(2, 5, 7, 11)",V7,B,F,C,27.25,7.0
219,B,D,2,C,"(2, 5, 7, 11)",V7,B,F,C,27.375,7.0
220,B,D,3,C,"(2, 5, 7, 11)",V7,B,F,C,27.5,7.0
221,B,D,3,C,"(2, 5, 7, 11)",V7,B,F,C,27.625,7.0
222,B,D,3,C,"(2, 5, 7, 11)",V7,B,F,C,27.75,7.0
223,B,D,3,C,"(2, 5, 7, 11)",V7,B,F,C,27.875,7.0
224,G,C,0,C,"(0, 4, 7)",I,C,E,C,28.0,8.0
225,G,C,1,C,"(0, 4, 7)",I,C,E,C,28.125,8.0
226,G,C,2,C,"(0, 4, 7)",I,C,E,C,28.25,8.0
227,G,C,2,C,"(0, 4, 7)",I,C,E,C,28.375,8.0
228,G,C,3,C,"(0, 4, 7)",I,C,E,C,28.5,8.0
229,G,C,3,C,"(0, 4, 7)",I,C,E,C,28.625,8.0
230,G,C,3,C,"(0, 4, 7)",I,C,E,C,28.75,8.0
231,G,C,3,C,"(0, 4, 7)",I,C,E,C,28.875,8.0
232,G,C,4,C,"(0, 4, 7)",I,C,E,C,29.0,8.0
233,G,C,4,C,"(0, 4, 7)",I,C,E,C,29.125,8.0
234,G,C,4,C,"(0, 4, 7)",I,C,E,C,29.25,8.0
235,G,C,4,C,"(0, 4, 7)",I,C,E,C,29.375,8.0
236,G,C,4,C,"(0, 4, 7)",I,C,E,C,29.5,8.0
237,G,C,4,C,"(0, 4, 7)",I,C,E,C,29.625,8.0
238,G,C,4,C,"(0, 4, 7)",I,C,E,C,29.75,8.0
239,G,C,4,C,"(0, 4, 7)",I,C,E,C,29.875,8.0
240,G,C,5,C,"(0, 4, 7)",I,C,E,C,30.0,8.0
241,G,C,5,C,"(0, 4, 7)",I,C,E,C,30.125,8.0
242,G,C,5,C,"(0, 4, 7)",I,C,E,C,30.25,8.0
243,G,C,5,C,"(0, 4, 7)",I,C,E,C,30.375,8.0
244,G,C,5,C,"(0, 4, 7)",I,C,E,C,30.5,8.0
245,G,C,5,C,"(0, 4, 7)",I,C,E,C,30.625,8.0
246,G,C,5,C,"(0, 4, 7)",I,C,E,C,30.75,8.0
247,G,C,5,C,"(0, 4, 7)",I,C,E,C,30.875,8.0
248,G,C,5,C,"(0, 4, 7)",I,C,E,C,31.0,8.0
249,G,C,5,C,"(0, 4, 7)",I,C,E,C,31.125,8.0
250,G,C,5,C,"(0, 4, 7)",I,C,E,C,31.25,8.0
251,G,C,5,C,"(0, 4, 7)",I,C,E,C,31.375,8.0
252,G,C,5,C,"(0, 4, 7)",I,C,E,C,31.5,8.0
253,G,C,5,C,"(0, 4, 7)",I,C,E,C,31.625,8.0
254,G,C,5,C,"(0, 4, 7)",I,C,E,C,31.75,8.0
255,G,C,5,C,"(0, 4, 7)",I,A,E,C,31.875,8.0
256,D,F,0,C,"(2, 5, 9)",ii,D,A,C,32.0,9.0
257,D,F,1,C,"(2, 5, 9)",ii,D,A,C,32.125,9.0
258,D,F,2,C,"(2, 5, 9)",ii,D,A,C,32.25,9.0
259,D,F,2,C,"(2, 5, 9)",ii,D,A,C,32.375,9.0
260,D,F,3,C,"(2, 5, 9)",ii,D,A,C,32.5,9.0
261,D,F,3,C,"(2, 5, 9)",ii,D,A,C,32.625,9.0
262,D,F,3,C,"(2, 5, 9)",ii,D,A,C,32.75,9.0
263,D,F,3,C,"(2, 5, 9)",ii,D,A,C,32.875,9.0
264,D,F,4,C,"(2, 5, 9)",ii,D,A,C,33.0,9.0
265,D,F,4,C,"(2, 5, 9)",ii,D,A,C,33.125,9.0
266,D,F,4,C,"(2, 5, 9)",ii,D,A,C,33.25,9.0
267,D,F,4,C,"(2, 5, 9)",ii,D,A,C,33.375,9.0
268,D,F,4,C,"(2, 5, 9)",ii,D,A,C,33.5,9.0
269,D,F,4,C,"(2, 5, 9)",ii,D,A,C,33.625,9.0
270,D,F,4,C,"(2, 5, 9)",ii,D,A,C,33.75,9.0
271,D,F,4,C,"(2, 5, 9)",ii,D,A,C,33.875,9.0
272,D,F,5,C,"(2, 5, 9)",ii,D,A,C,34.0,9.0
273,D,F,5,C,"(2, 5, 9)",ii,D,A,C,34.125,9.0
274,D,F,5,C,"(2, 5, 9)",ii,D,A,C,34.25,9.0
275,D,F,5,C,"(2, 5, 9)",ii,D,A,C,34.375,9.0
276,D,F,5,C,"(2, 5, 9)",ii,D,A,C,34.5,9.0
277,D,F,5,C,"(2, 5, 9)",ii,D,A,C,34.625,9.0
278,D,F,5,C,"(2, 5, 9)",ii,D,A,C,34.75,9.0
279,D,F,5,C,"(2, 5, 9)",ii,D,A,C,34.875,9.0
280,D,F,5,C,"(2, 5, 9)",ii,D,A,C,35.0,9.0
281,D,F,5,C,"(2, 5, 9)",ii,D,A,C,35.125,9.0
282,D,F,5,C,"(2, 5, 9)",ii,D,A,C,35.25,9.0
283,D,F,5,C,"(2, 5, 9)",ii,D,A,C,35.375,9.0
284,D,F,5,C,"(2, 5, 9)",ii,D,A,C,35.5,9.0
285,D,F,5,C,"(2, 5, 9)",ii,D,A,C,35.625,9.0
286,D,F,5,C,"(2, 5, 9)",ii,D,A,C,35.75,9.0
287,D,F,5,C,"(2, 5, 9)",ii,D,A,C,35.875,9.0
288,C,F,0,C,"(0, 5, 9)",ii,F,A,C,36.0,10.0
289,C,F,1,C,"(0, 5, 9)",IV,F,A,C,36.125,10.0
290,C,F,2,C,"(0, 5, 9)",IV,F,A,C,36.25,10.0
291,C,F,2,C,"(0, 5, 9)",IV,F,A,C,36.375,10.0
292,C,F,3,C,"(0, 5, 9)",IV,F,A,C,36.5,10.0
293,C,F,3,C,"(0, 5, 9)",IV,F,A,C,36.625,10.0
294,C,F,3,C,"(0, 5, 9)",IV,F,A,C,36.75,10.0
295,C,F,3,C,"(0, 5, 9)",IV,F,A,C,36.875,10.0
296,C,F,4,C,"(0, 5, 9)",IV,F,A,C,37.0,10.0
297,C,F,4,C,"(0, 5, 9)",IV,F,A,C,37.125,10.0
298,C,F,4,C,"(0, 5, 9)",IV,F,A,C,37.25,10.0
299,C,F,4,C,"(0, 5, 9)",IV,F,A,C,37.375,10.0
300,C,F,4,C,"(0, 5, 9)",V7,F,A,C,37.5,10.0
301,C,F,4,C,"(0, 5, 9)",V7,F,A,C,37.625,10.0
302,C,F,4,C,"(0, 5, 9)",V7,F,A,C,37.75,10.0
303,C,F,4,C,"(0, 5, 9)",V7,F,A,C,37.875,10.0
304,C,F,5,C,"(0, 5, 9)",V7,F,A,C,38.0,10.0
305,C,F,5,C,"(0, 5, 9)",V7,F,A,C,38.125,10.0
306,C,F,5,C,"(0, 5, 9)",V7,F,A,C,38.25,10.0
307,C,F,5,C,"(0, 5, 9)",V7,F,A,C,38.375,10.0
308,C,F,5,C,"(0, 5, 9)",V7,F,A,C,38.5,10.0
309,C,F,5,C,"(0, 5, 9)",V7,F,A,C,38.625,10.0
310,C,F,5,C,"(0, 5, 9)",V7,F,A,C,38.75,10.0
311,C,F,5,C,"(0, 5, 9)",V7,F,A,C,38.875,10.0
312,C,F,5,C,"(0, 5, 9)",V7,F,A,C,39.0,10.0
313,C,A,5,C,"(0, 5, 9)",V7,F,A,C,39.125,10.0
314,C,A,5,C,"(0, 5, 9)",V7,F,A,C,39.25,10.0
315,C,A,5,C,"(0, 5, 9)",V7,F,A,C,39.375,10.0
316,C,F#,5,C,"(0, 2, 6, 9)",V7,D,A,G,39.5,10.0
317,C,F#,5,C,"(0, 2, 6, 9)",V7,D,A,G,39.625,10.0
318,C,F#,5,C,"(0, 2, 6, 9)",V7,D,A,G,39.75,10.0
319,C,F#,5,C,"(0, 2, 6, 9)",V7,D,A,G,39.875,10.0
320,D,G,0,C,"(2, 7, 11)",I,G,B,C,40.0,11.0
321,D,G,1,C,"(2, 7, 11)",I,G,B,C,40.125,11.0
322,D,G,2,C,"(2, 7, 11)",I,G,B,C,40.25,11.0
323,D,G,2,C,"(2, 7, 11)",I,G,B,C,40.375,11.0
324,D,G,3,C,"(2, 7, 11)",I,G,B,C,40.5,11.0
325,D,G,3,C,"(2, 7, 11)",I,G,B,C,40.625,11.0
326,D,G,3,C,"(2, 7, 11)",I,G,B,C,40.75,11.0
327,D,G,3,C,"(2, 7, 11)",I,G,B,C,40.875,11.0
328,D,G,4,C,"(0, 4, 7)",I,G,B,C,41.0,11.0
329,D,G,4,C,"(0, 4, 7)",I,C,B,C,41.125,11.0
330,D,G,4,C,"(0, 4, 7)",I,C,B,C,41.25,11.0
331,D,G,4,C,"(0, 4, 7)",I,C,B,C,41.375,11.0
332,D,G,4,C,"(0, 4, 7)",I,C,B,G,41.5,11.0
333,D,G,4,C,"(0, 4, 7)",I,C,B,G,41.625,11.0
334,D,G,4,C,"(0, 4, 7)",I,C,B,G,41.75,11.0
335,D,G,4,C,"(0, 4, 7)",I,C,B,G,41.875,11.0
336,D,G,0,C,"(2, 7, 11)",I,G,B,G,42.0,11.0
337,D,G,1,C,"(2, 7, 11)",I,G,B,G,42.125,11.0
338,D,G,2,C,"(2, 7, 11)",I,G,B,G,42.25,11.0
339,D,G,2,C,"(2, 7, 11)",I,G,B,G,42.375,11.0
340,D,G,3,C,"(2, 7, 11)",I,G,B,G,42.5,11.0
341,D,G,3,C,"(2, 7, 11)",I,G,B,G,42.625,11.0
342,D,G,3,C,"(2, 7, 11)",I,G,B,G,42.75,11.0
343,D,G,3,C,"(2, 7, 11)",I,G,B,G,42.875,11.0
344,D,G,4,C,"(0, 4, 7)",I,C,C,G,43.0,11.0
345,E,G,1,C,"(0, 4, 7)",I,C,C,G,43.125,11.0
346,E,G,2,C,"(0, 4, 7)",I,C,C,G,43.25,11.0
347,E,G,2,C,"(0, 4, 7)",I,C,C,G,43.375,11.0
348,E,G,3,C,"(0, 4, 7)",I,C,C,G,43.5,11.0
349,E,G,3,C,"(0, 4, 7)",I,C,C,G,43.625,11.0
350,E,G,4,C,"(0, 4, 7)",I,C,C,G,43.75,11.0
351,E,G,4,C,"(0, 4, 7)",I,C,C,G,43.875,11.0
352,D,G,0,G,"(2, 7, 11)",I,G,B,G,44.0,12.0
353,D,G,1,G,"(2, 7, 11)",I,G,B,G,44.125,12.0
354,D,G,2,G,"(2, 7, 11)",I,G,B,G,44.25,12.0
355,D,G,2,G,"(2, 7, 11)",I,G,B,G,44.375,12.0
356,D,G,3,G,"(2, 7, 11)",I,G,B,G,44.5,12.0
357,D,G,3,G,"(2, 7, 11)",I,G,B,G,44.625,12.0
358,D,G,3,G,"(2, 7, 11)",I,G,B,G,44.75,12.0
359,D,G,3,G,"(2, 7, 11)",I,G,B,G,44.875,12.0
360,D,G,4,G,"(2, 7, 11)",I,G,B,G,45.0,12.0
361,D,G,4,G,"(2, 7, 11)",I,G,B,G,45.125,12.0
362,D,G,4,G,"(2, 7, 11)",I,G,B,G,45.25,12.0
363,D,G,4,G,"(2, 7, 11)",I,G,B,G,45.375,12.0
364,D,G,4,G,"(2, 7, 11)",I,G,B,G,45.5,12.0
365,D,G,4,G,"(2, 7, 11)",I,G,B,G,45.625,12.0
366,D,G,4,G,"(2, 7, 11)",I,G,B,G,45.75,12.0
367,D,G,4,G,"(2, 7, 11)",I,G,B,G,45.875,12.0
368,D,G,5,G,"(2, 7, 11)",I,G,B,G,46.0,12.0
369,D,G,5,G,"(2, 7, 11)",I,G,B,G,46.125,12.0
370,D,G,5,G,"(2, 7, 11)",I,G,B,G,46.25,12.0
371,D,G,5,G,"(2, 7, 11)",I,G,B,G,46.375,12.0
372,D,G,5,G,"(2, 7, 11)",I,G,B,G,46.5,12.0
373,D,G,5,G,"(2, 7, 11)",I,G,B,G,46.625,12.0
374,D,G,5,G,"(2, 7, 11)",I,G,B,G,46.75,12.0
375,D,G,5,G,"(2, 7, 11)",I,G,B,G,46.875,12.0
376,D,G,5,G,"(2, 7, 11)",I,G,B,G,47.0,12.0
377,D,G,5,G,"(2, 7, 11)",I,G,B,G,47.125,12.0
378,D,G,5,G,"(2, 7, 11)",I,G,B,G,47.25,12.0
379,D,G,5,G,"(2, 7, 11)",I,G,B,G,47.375,12.0
380,D,G,5,G,"(2, 7, 11)",I,G,B,G,47.5,12.0
381,D,G,5,G,"(2, 7, 11)",I,G,B,G,47.625,12.0
382,D,G,5,G,"(2, 7, 11)",I,G,B,G,47.75,12.0
383,D,G,5,G,"(2, 7, 11)",I,G,B,G,47.875,12.0
384,G,G,0,G,"(0, 2, 6, 9)",V7,G,E,G,48.0,13.0
385,G,D,1,G,"(0, 2, 6, 9)",V7,G,F#,G,48.125,13.0
386,G,D,2,G,"(0, 2, 6, 9)",V7,G,F#,G,48.25,13.0
387,G,D,2,G,"(0, 2, 6, 9)",V7,G,F#,G,48.375,13.0
388,G,D,3,G,"(0, 2, 6, 9)",V7,G,F#,G,48.5,13.0
389,G,D,3,G,"(0, 2, 6, 9)",V7,G,F#,G,48.625,13.0
390,G,D,3,G,"(0, 2, 6, 9)",V7,G,F#,G,48.75,13.0
391,G,D,3,G,"(0, 2, 6, 9)",V7,G,F#,G,48.875,13.0
392,G,D,4,G,"(0, 2, 6, 9)",V7,G,F#,G,49.0,13.0
393,G,D,4,G,"(0, 2, 6, 9)",V7,G,F#,G,49.125,13.0
394,G,D,4,G,"(0, 2, 6, 9)",V7,G,F#,G,49.25,13.0
395,G,D,4,G,"(0, 2, 6, 9)",V7,G,F#,G,49.375,13.0
396,G,D,4,G,"(0, 2, 6, 9)",V7,G,F#,G,49.5,13.0
397,G,D,4,G,"(0, 2, 6, 9)",V7,G,F#,G,49.625,13.0
398,G,D,4,G,"(0, 2, 6, 9)",V7,G,F#,G,49.75,13.0
399,G,D,4,G,"(0, 2, 6, 9)",V7,G,F#,G,49.875,13.0
400,G,C,5,G,"(0, 2, 6, 9)",V7,G,D,G,50.0,13.0
401,G,C,5,G,"(0, 2, 6, 9)",V7,G,D,G,50.125,13.0
402,G,C,5,G,"(0, 2, 6, 9)",V7,G,D,G,50.25,13.0
403,G,C,5,G,"(0, 2, 6, 9)",V7,G,D,G,50.375,13.0
404,G,C,5,G,"(0, 2, 6, 9)",V7,G,D,G,50.5,13.0
405,G,C,5,G,"(0, 2, 6, 9)",V7,G,D,G,50.625,13.0
406,G,C,5,G,"(0, 2, 6, 9)",V7,G,D,G,50.75,13.0
407,G,C,5,G,"(0, 2, 6, 9)",V7,G,D,G,50.875,13.0
408,G,C,5,G,"(0, 2, 6, 9)",V7,G,D,G,51.0,13.0
409,G,C,5,G,"(0, 2, 6, 9)",V7,G,D,G,51.125,13.0
410,G,C,5,G,"(0, 2, 6, 9)",V7,G,D,G,51.25,13.0
411,G,C,5,G,"(0, 2, 6, 9)",V7,G,D,G,51.375,13.0
412,G,C,5,G,"(0, 2, 6, 9)",V7,G,D,G,51.5,13.0
413,G,C,5,G,"(0, 2, 6, 9)",V7,G,D,G,51.625,13.0
414,G,C,5,G,"(0, 2, 6, 9)",V7,G,D,G,51.75,13.0
415,G,C,5,C,"(0, 2, 6, 9)",V7,G,D,G,51.875,13.0
416,G,B,0,G,"(2, 7, 11)",I,G,D,G,52.0,14.0
417,G,B,1,G,"(2, 7, 11)",I,G,D,G,52.125,14.0
418,G,B,2,G,"(2, 7, 11)",I,G,D,G,52.25,14.0
419,G,B,2,G,"(2, 7, 11)",I,G,D,G,52.375,14.0
420,G,B,3,G,"(2, 7, 11)",I,G,D,G,52.5,14.0
421,G,B,3,G,"(2, 7, 11)",I,G,D,G,52.625,14.0
422,G,B,3,G,"(2, 7, 11)",I,G,D,G,52.75,14.0
423,G,B,3,G,"(2, 7, 11)",I,G,D,G,52.875,14.0
424,G,B,4,G,"(2, 7, 11)",I,G,D,G,53.0,14.0
425,G,B,4,G,"(2, 7, 11)",I,G,D,G,53.125,14.0
426,G,B,4,G,"(2, 7, 11)",I,G,D,G,53.25,14.0
427,G,B,4,G,"(2, 7, 11)",I,G,D,G,53.375,14.0
428,G,B,4,G,"(2, 7, 11)",I,G,D,G,53.5,14.0
429,G,B,4,G,"(2, 7, 11)",I,G,D,G,53.625,14.0
430,G,B,4,G,"(2, 7, 11)",I,G,D,G,53.75,14.0
431,G,B,4,G,"(2, 7, 11)",I,G,D,G,53.875,14.0
432,G,B,5,G,"(2, 7, 11)",I,G,D,G,54.0,14.0
433,G,B,5,G,"(2, 7, 11)",I,G,D,G,54.125,14.0
434,G,B,5,G,"(2, 7, 11)",I,G,D,G,54.25,14.0
435,G,B,5,G,"(2, 7, 11)",I,G,D,G,54.375,14.0
436,G,B,5,G,"(2, 7, 11)",I,G,D,G,54.5,14.0
437,G,B,5,G,"(2, 7, 11)",I,G,D,G,54.625,14.0
438,G,B,5,G,"(2, 7, 11)",I,G,D,G,54.75,14.0
439,G,B,5,G,"(2, 7, 11)",I,G,D,G,54.875,14.0
440,G,B,5,G,"(2, 7, 11)",I,G,D,G,55.0,14.0
441,G,B,5,G,"(2, 7, 11)",I,G,D,G,55.125,14.0
442,G,B,5,G,"(2, 7, 11)",I,G,D,G,55.25,14.0
443,G,B,5,G,"(2, 7, 11)",I,G,D,G,55.375,14.0
444,G,B,5,G,"(2, 7, 11)",I,G,D,G,55.5,14.0
445,G,B,5,G,"(2, 7, 11)",I,G,D,G,55.625,14.0
446,G,B,5,G,"(2, 7, 11)",I,G,D,G,55.75,14.0
447,G,B,5,G,"(2, 7, 11)",I,G,D,G,55.875,14.0
448,F#,B,0,G,"(0, 2, 6, 9)",V7,G,D,G,56.0,15.0
449,F#,B,1,G,"(0, 2, 6, 9)",V7,G,D,G,56.125,15.0
450,F#,B,2,G,"(0, 2, 6, 9)",V7,G,D,G,56.25,15.0
451,F#,B,2,G,"(0, 2, 6, 9)",V7,G,D,G,56.375,15.0
452,F#,B,3,G,"(0, 2, 6, 9)",V7,G,D,G,56.5,15.0
453,F#,B,3,G,"(0, 2, 6, 9)",V7,G,D,G,56.625,15.0
454,F#,B,3,G,"(0, 2, 6, 9)",V7,G,D,G,56.75,15.0
455,F#,B,3,G,"(0, 2, 6, 9)",V7,G,D,G,56.875,15.0
456,F#,D,4,G,"(0, 2, 6, 9)",V7,G,D,G,57.0,15.0
457,F#,D,4,G,"(0, 2, 6, 9)",V7,G,D,G,57.125,15.0
458,F#,D,4,G,"(0, 2, 6, 9)",V7,G,D,G,57.25,15.0
459,F#,D,4,G,"(0, 2, 6, 9)",V7,G,D,G,57.375,15.0
460,F#,D,4,G,"(0, 2, 6, 9)",V7,G,D,G,57.5,15.0
461,F#,D,4,G,"(0, 2, 6, 9)",V7,G,D,G,57.625,15.0
462,F#,D,4,G,"(0, 2, 6, 9)",V7,G,D,G,57.75,15.0
463,F#,D,4,G,"(0, 2, 6, 9)",V7,G,D,G,57.875,15.0
464,F#,C,5,G,"(0, 2, 6, 9)",V7,G,D,G,58.0,15.0
465,F#,C,5,G,"(0, 2, 6, 9)",V7,G,D,G,58.125,15.0
466,F#,C,5,G,"(0, 2, 6, 9)",V7,G,D,G,58.25,15.0
467,F#,C,5,G,"(0, 2, 6, 9)",V7,G,D,G,58.375,15.0
468,F#,C,5,G,"(0, 2, 6, 9)",V7,G,D,G,58.5,15.0
469,F#,C,5,G,"(0, 2, 6, 9)",V7,G,D,G,58.625,15.0
470,F#,C,5,G,"(0, 2, 6, 9)",V7,G,D,G,58.75,15.0
471,F#,C,5,G,"(0, 2, 6, 9)",V7,G,D,G,58.875,15.0
472,F#,C,5,G,"(0, 2, 6, 9)",V7,A,D,G,59.0,15.0
473,F#,C,5,G,"(0, 2, 6, 9)",V7,A,D,G,59.125,15.0
474,F#,C,5,G,"(0, 2, 6, 9)",V7,A,D,G,59.25,15.0
475,F#,C,5,G,"(0, 2, 6, 9)",V7,A,D,G,59.375,15.0
476,F#,C,5,G,"(0, 2, 6, 9)",V7,A,D,G,59.5,15.0
477,F#,C,5,G,"(0, 2, 6, 9)",V7,A,D,G,59.625,15.0
478,F#,C,5,G,"(0, 2, 6, 9)",V7,A,D,G,59.75,15.0
479,F#,C,5,G,"(0, 2, 6, 9)",V7,A,D,G,59.875,15.0
480,G,B,0,G,"(2, 7, 11)",I,G,D,G,60.0,16.0
481,G,B,1,G,"(2, 7, 11)",I,G,D,G,60.125,16.0
482,G,B,2,G,"(2, 7, 11)",I,G,D,G,60.25,16.0
483,G,B,2,G,"(2, 7, 11)",I,G,D,G,60.375,16.0
484,G,B,3,G,"(2, 7, 11)",I,G,D,G,60.5,16.0
485,G,B,3,G,"(2, 7, 11)",I,G,D,G,60.625,16.0
486,G,B,3,G,"(2, 7, 11)",I,G,D,G,60.75,16.0
487,G,B,3,G,"(2, 7, 11)",I,G,D,G,60.875,16.0
488,G,B,4,G,"(2, 7, 11)",I,G,D,G,61.0,16.0
489,G,B,4,G,"(2, 7, 11)",I,G,D,G,61.125,16.0
490,G,B,4,G,"(2, 7, 11)",I,G,D,G,61.25,16.0
491,G,B,4,G,"(2, 7, 11)",I,G,D,G,61.375,16.0
492,G,B,4,G,"(2, 7, 11)",I,G,D,G,61.5,16.0
493,G,B,4,G,"(2, 7, 11)",I,G,D,G,61.625,16.0
494,G,B,4,G,"(2, 7, 11)",I,G,D,G,61.75,16.0
495,G,B,4,G,"(2, 7, 11)",I,G,D,G,61.875,16.0
496,G,B,5,G,"(2, 7, 11)",I,G,D,G,62.0,16.0
497,G,B,5,G,"(2, 7, 11)",I,G,D,G,62.125,16.0
498,G,B,5,G,"(2, 7, 11)",I,G,D,G,62.25,16.0
499,G,B,5,G,"(2, 7, 11)",I,G,D,G,62.375,16.0
500,G,B,5,G,"(2, 7, 11)",I,G,D,G,62.5,16.0
501,G,B,5,G,"(2, 7, 11)",I,G,D,G,62.625,16.0
502,G,B,5,G,"(2, 7, 11)",I,G,D,G,62.75,16.0
503,G,B,5,G,"(2, 7, 11)",I,G,D,G,62.875,16.0
504,G,B,5,G,"(2, 7, 11)",I,G,D,G,63.0,16.0
505,G,B,5,G,"(2, 7, 11)",I,G,D,G,63.125,16.0
506,G,B,5,G,"(2, 7, 11)",I,G,D,G,63.25,16.0
507,G,B,5,G,"(2, 7, 11)",I,G,D,G,63.375,16.0
508,G,B,5,G,"(2, 7, 11)",I,G,D,G,63.5,16.0
509,G,B,5,G,"(2, 7, 11)",I,G,D,G,63.625,16.0
510,G,B,5,G,"(2, 7, 11)",I,G,D,G,63.75,16.0
511,G,B,5,G,"(2, 7, 11)",I,G,D,G,63.875,16.0
512,F#,B,0,G,"(0, 2, 6, 9)",V7,G,D,G,64.0,17.0
513,F#,B,1,G,"(0, 2, 6, 9)",V7,G,D,G,64.125,17.0
514,F#,B,2,G,"(0, 2, 6, 9)",V7,G,D,G,64.25,17.0
515,F#,B,2,G,"(0, 2, 6, 9)",V7,G,D,G,64.375,17.0
516,F#,B,3,G,"(0, 2, 6, 9)",V7,G,D,G,64.5,17.0
517,F#,B,3,G,"(0, 2, 6, 9)",V7,G,D,G,64.625,17.0
518,F#,B,3,G,"(0, 2, 6, 9)",V7,G,D,G,64.75,17.0
519,F#,B,3,G,"(0, 2, 6, 9)",V7,G,D,G,64.875,17.0
520,F#,B,4,G,"(0, 2, 6, 9)",V7,G,D,G,65.0,17.0
521,F#,B,4,G,"(0, 2, 6, 9)",V7,G,D,G,65.125,17.0
522,F#,B,4,G,"(0, 2, 6, 9)",V7,G,D,G,65.25,17.0
523,F#,B,4,G,"(0, 2, 6, 9)",V7,G,D,G,65.375,17.0
524,F#,B,4,G,"(0, 2, 6, 9)",V7,G,D,G,65.5,17.0
525,F#,B,4,G,"(0, 2, 6, 9)",V7,G,D,G,65.625,17.0
526,F#,B,4,G,"(0, 2, 6, 9)",V7,G,D,G,65.75,17.0
527,F#,B,4,G,"(0, 2, 6, 9)",V7,G,D,G,65.875,17.0
528,F#,C,5,G,"(0, 2, 6, 9)",V7,G,D,G,66.0,17.0
529,F#,C,5,G,"(0, 2, 6, 9)",V7,G,D,G,66.125,17.0
530,F#,C,5,G,"(0, 2, 6, 9)",V7,G,D,G,66.25,17.0
531,F#,C,5,G,"(0, 2, 6, 9)",V7,G,D,G,66.375,17.0
532,F#,C,5,G,"(0, 2, 6, 9)",V7,G,D,G,66.5,17.0
533,F#,C,5,G,"(0, 2, 6, 9)",V7,G,D,G,66.625,17.0
534,F#,C,5,G,"(0, 2, 6, 9)",V7,G,D,G,66.75,17.0
535,F#,C,5,G,"(0, 2, 6, 9)",V7,G,D,G,66.875,17.0
536,F#,C,5,G,"(0, 2, 6, 9)",V7,A,D,G,67.0,17.0
537,F#,C,5,G,"(0, 2, 6, 9)",V7,A,D,G,67.125,17.0
538,F#,C,5,G,"(0, 2, 6, 9)",V7,A,D,G,67.25,17.0
539,F#,C,5,G,"(0, 2, 6, 9)",V7,A,D,G,67.375,17.0
540,F#,C,5,G,"(0, 2, 6, 9)",V7,A,D,G,67.5,17.0
541,F#,C,5,G,"(0, 2, 6, 9)",V7,A,D,G,67.625,17.0
542,F#,C,5,G,"(0, 2, 6, 9)",V7,A,D,G,67.75,17.0
543,F#,C,5,G,"(0, 2, 6, 9)",V7,A,D,G,67.875,17.0
544,G,B,0,G,"(2, 7, 11)",I,G,D,G,68.0,18.0
545,G,B,1,G,"(2, 7, 11)",I,G,D,G,68.125,18.0
546,G,B,2,G,"(2, 7, 11)",I,G,D,G,68.25,18.0
547,G,B,2,G,"(2, 7, 11)",I,G,D,G,68.375,18.0
548,G,B,3,G,"(2, 7, 11)",I,G,D,G,68.5,18.0
549,G,B,3,G,"(2, 7, 11)",I,G,D,G,68.625,18.0
550,G,B,3,G,"(2, 7, 11)",I,G,D,G,68.75,18.0
551,G,B,3,G,"(2, 7, 11)",I,G,D,G,68.875,18.0
552,G,B,4,G,"(2, 7, 11)",I,G,D,G,69.0,18.0
553,G,B,4,G,"(2, 7, 11)",I,G,D,G,69.125,18.0
554,G,B,4,G,"(2, 7, 11)",I,G,D,G,69.25,18.0
555,G,B,4,G,"(2, 7, 11)",I,G,D,G,69.375,18.0
556,G,B,4,G,"(2, 7, 11)",I,G,D,G,69.5,18.0
557,G,B,4,G,"(2, 7, 11)",I,G,D,G,69.625,18.0
558,G,B,4,G,"(2, 7, 11)",I,G,D,G,69.75,18.0
559,G,B,4,G,"(2, 7, 11)",I,G,D,G,69.875,18.0
560,G,C,5,G,"(0, 4, 7)",IV,C,E,G,70.0,18.0
561,G,C,1,G,"(0, 4, 7)",IV,C,E,G,70.125,18.0
562,G,C,2,G,"(0, 4, 7)",IV,C,E,G,70.25,18.0
563,G,C,2,G,"(0, 4, 7)",IV,C,E,G,70.375,18.0
564,G,C,3,G,"(0, 4, 7)",IV,C,E,G,70.5,18.0
565,G,C,3,G,"(0, 4, 7)",IV,C,E,G,70.625,18.0
566,G,C,3,G,"(0, 4, 7)",IV,C,E,G,70.75,18.0
567,G,C,3,G,"(0, 4, 7)",IV,C,E,G,70.875,18.0
568,G,C,4,G,"(0, 4, 7)",IV,C,E,G,71.0,18.0
569,G,C,4,G,"(0, 4, 7)",IV,C,E,G,71.125,18.0
570,G,C,4,G,"(0, 4, 7)",IV,C,E,G,71.25,18.0
571,G,C,4,G,"(0, 4, 7)",IV,C,E,G,71.375,18.0
572,G,C,4,G,"(0, 4, 7)",IV,C,E,G,71.5,18.0
573,G,C,4,G,"(0, 4, 7)",IV,C,E,G,71.625,18.0
574,G,C,5,G,"(0, 4, 7)",IV,C,E,G,71.75,18.0
575,G,C,5,G,"(0, 4, 7)",IV,C,E,G,71.875,18.0
576,F#,A,0,G,"(0, 2, 6, 9)",V7,A,C,G,72.0,19.0
577,F#,A,1,G,"(0, 2, 6, 9)",V7,F#,C,G,72.125,19.0
578,F#,A,2,G,"(0, 2, 6, 9)",V7,F#,C,G,72.25,19.0
579,F#,A,2,G,"(0, 2, 6, 9)",V7,F#,C,G,72.375,19.0
580,F#,A,3,G,"(0, 2, 6, 9)",V7,F#,C,G,72.5,19.0
581,F#,A,3,G,"(0, 2, 6, 9)",V7,F#,C,G,72.625,19.0
582,F#,A,3,G,"(0, 2, 6, 9)",V7,F#,C,G,72.75,19.0
583,F#,A,3,G,"(0, 2, 6, 9)",V7,F#,C,G,72.875,19.0
584,F#,A,4,G,"(0, 2, 6, 9)",V7,F#,C,G,73.0,19.0
585,F#,A,4,G,"(0, 2, 6, 9)",V7,F#,C,G,73.125,19.0
586,F#,A,4,G,"(0, 2, 6, 9)",V7,F#,C,G,73.25,19.0
587,F#,A,4,G,"(0, 2, 6, 9)",V7,F#,C,G,73.375,19.0
588,F#,A,4,G,"(0, 2, 6, 9)",V7,F#,C,G,73.5,19.0
589,F#,A,4,G,"(0, 2, 6, 9)",V7,F#,C,G,73.625,19.0
590,F#,A,4,G,"(0, 2, 6, 9)",V7,F#,C,G,73.75,19.0
591,F#,A,4,G,"(0, 2, 6, 9)",V7,F#,C,G,73.875,19.0
592,F#,B,0,G,"(2, 7, 11)",V,G,D,G,74.0,19.0
593,F#,B,1,G,"(2, 7, 11)",V,G,D,G,74.125,19.0
594,F#,B,2,G,"(2, 7, 11)",V,G,D,G,74.25,19.0
595,F#,B,2,G,"(2, 7, 11)",V,G,D,G,74.375,19.0
596,F#,B,3,G,"(2, 7, 11)",V,G,D,G,74.5,19.0
597,F#,B,3,G,"(2, 7, 11)",V,G,D,G,74.625,19.0
598,F#,B,3,G,"(2, 7, 11)",V,G,D,G,74.75,19.0
599,F#,B,3,G,"(2, 7, 11)",V,G,D,G,74.875,19.0
600,F#,B,4,G,"(2, 7, 11)",V,G,D,G,75.0,19.0
601,F#,B,4,G,"(2, 7, 11)",V,G,D,G,75.125,19.0
602,F#,B,4,G,"(2, 7, 11)",V,G,D,G,75.25,19.0
603,F#,B,4,G,"(2, 7, 11)",V,G,D,G,75.375,19.0
604,F#,B,4,G,"(2, 7, 11)",V,G,D,G,75.5,19.0
605,F#,B,4,G,"(2, 7, 11)",V,G,D,G,75.625,19.0
606,F#,B,4,G,"(2, 7, 11)",V,G,D,G,75.75,19.0
607,F#,B,4,G,"(2, 7, 11)",V,G,D,G,75.875,19.0
608,E,G,0,G,"(4, 7, 11)",I,G,B,G,76.0,20.0
609,E,G,1,G,"(4, 7, 11)",I,E,B,G,76.125,20.0
610,E,G,2,G,"(4, 7, 11)",I,E,B,G,76.25,20.0
611,E,G,2,G,"(4, 7, 11)",I,E,B,G,76.375,20.0
612,E,G,3,G,"(4, 7, 11)",I,E,B,G,76.5,20.0
613,E,G,3,G,"(4, 7, 11)",I,E,B,G,76.625,20.0
614,E,G,3,G,"(4, 7, 11)",I,E,B,G,76.75,20.0
615,E,G,3,G,"(4, 7, 11)",I,E,B,G,76.875,20.0
616,E,G,4,G,"(4, 7, 11)",I,E,B,G,77.0,20.0
617,E,G,4,G,"(4, 7, 11)",I,E,B,G,77.125,20.0
618,E,G,4,G,"(4, 7, 11)",I,E,B,G,77.25,20.0
619,E,G,4,G,"(4, 7, 11)",I,E,B,G,77.375,20.0
620,E,G,4,G,"(4, 7, 11)",vi,E,B,G,77.5,20.0
621,E,G,4,G,"(4, 7, 11)",vi,E,B,G,77.625,20.0
622,E,G,4,G,"(4, 7, 11)",vi,E,B,G,77.75,20.0
623,E,G,4,G,"(4, 7, 11)",vi,E,B,G,77.875,20.0
624,E,A,0,G,"(0, 4, 7, 9)",ii,A,C,G,78.0,20.0
625,E,A,1,G,"(0, 4, 9)",ii,A,C,G,78.125,20.0
626,E,A,2,G,"(0, 4, 9)",ii,A,C,G,78.25,20.0
627,E,A,2,G,"(0, 4, 9)",ii,A,C,G,78.375,20.0
628,E,A,3,G,"(0, 4, 9)",ii,A,C,G,78.5,20.0
629,E,A,3,G,"(0, 4, 9)",ii,A,C,G,78.625,20.0
630,E,A,3,G,"(0, 4, 9)",ii,A,C,G,78.75,20.0
631,E,A,3,G,"(0, 4, 9)",ii,A,C,G,78.875,20.0
632,E,A,0,G,"(0, 4, 9)",ii,A,C,G,79.0,20.0
633,E,A,1,G,"(0, 4, 9)",ii,A,C,G,79.125,20.0
634,E,A,2,G,"(0, 4, 9)",ii,A,C,G,79.25,20.0
635,E,A,2,G,"(0, 4, 9)",ii,A,C,G,79.375,20.0
636,E,A,3,G,"(0, 4, 9)",ii,A,C,G,79.5,20.0
637,E,A,3,G,"(0, 4, 9)",ii,A,C,G,79.625,20.0
638,E,A,3,G,"(0, 4, 9)",ii,A,C,G,79.75,20.0
639,E,A,3,G,"(0, 4, 9)",ii,A,C,G,79.875,20.0
640,D,A,0,G,"(2, 6, 9)",V,D,F#,G,80.0,21.0
641,D,A,1,G,"(2, 6, 9)",V,D,F#,G,80.125,21.0
642,D,D,2,G,"(2, 6, 9)",V,D,F#,G,80.25,21.0
643,D,D,2,G,"(2, 6, 9)",V,D,F#,G,80.375,21.0
644,D,D,3,G,"(2, 6, 9)",V,D,F#,G,80.5,21.0
645,D,D,3,G,"(2, 6, 9)",V,D,F#,G,80.625,21.0
646,D,D,3,G,"(2, 6, 9)",V,D,F#,G,80.75,21.0
647,D,D,3,G,"(2, 6, 9)",V,D,F#,G,80.875,21.0
648,D,F#,4,G,"(2, 6, 9)",V,D,A,G,81.0,21.0
649,D,F#,4,G,"(2, 6, 9)",V,D,A,G,81.125,21.0
650,D,F#,4,G,"(2, 6, 9)",V,D,A,G,81.25,21.0
651,D,F#,4,G,"(2, 6, 9)",V,D,A,G,81.375,21.0
652,D,F#,4,G,"(2, 6, 9)",V,D,A,G,81.5,21.0
653,D,F#,4,G,"(2, 6, 9)",V,D,A,G,81.625,21.0
654,D,F#,4,G,"(2, 6, 9)",V,D,A,G,81.75,21.0
655,D,F#,4,G,"(2, 6, 9)",V,D,A,G,81.875,21.0
656,D,G,0,G,"(2, 7, 11)",I,G,B,G,82.0,21.0
657,D,G,1,G,"(2, 7, 11)",I,G,B,G,82.125,21.0
658,D,G,2,G,"(2, 7, 11)",I,G,B,G,82.25,21.0
659,D,G,2,G,"(2, 7, 11)",I,G,B,G,82.375,21.0
660,D,G,3,G,"(2, 7, 11)",I,G,B,G,82.5,21.0
661,D,G,3,G,"(2, 7, 11)",I,G,B,G,82.625,21.0
662,D,G,3,G,"(2, 7, 11)",I,G,B,G,82.75,21.0
663,D,G,3,G,"(2, 7, 11)",I,G,B,G,82.875,21.0
664,D,G,4,G,"(2, 7, 11)",I,G,B,G,83.0,21.0
665,D,G,4,G,"(2, 7, 11)",I,G,B,G,83.125,21.0
666,D,G,4,G,"(2, 7, 11)",I,G,B,G,83.25,21.0
667,D,G,4,G,"(2, 7, 11)",I,G,B,G,83.375,21.0
668,D,G,4,G,"(2, 7, 11)",I,G,B,G,83.5,21.0
669,D,G,4,G,"(2, 7, 11)",I,G,B,G,83.625,21.0
670,D,G,4,G,"(2, 7, 11)",I,G,B,G,83.75,21.0
671,D,G,4,G,"(2, 7, 11)",I,G,B,G,83.875,21.0
672,A,C,0,G,"(0, 4, 9)",ii,A,E,G,84.0,22.0
673,A,C,1,G,"(0, 4, 9)",ii,A,E,G,84.125,22.0
674,A,C,2,G,"(0, 4, 9)",ii,A,E,G,84.25,22.0
675,A,C,2,G,"(0, 4, 9)",ii,A,E,G,84.375,22.0
676,A,C,3,G,"(0, 4, 9)",ii,A,E,G,84.5,22.0
677,A,C,3,G,"(0, 4, 9)",ii,A,E,G,84.625,22.0
678,A,C,3,G,"(0, 4, 9)",ii,A,E,G,84.75,22.0
679,A,C,3,G,"(0, 4, 9)",ii,A,E,G,84.875,22.0
680,A,C,4,G,"(0, 4, 9)",ii,A,E,G,85.0,22.0
681,A,C,4,G,"(0, 4, 9)",ii,A,E,G,85.125,22.0
682,A,C,4,G,"(0, 4, 9)",ii,A,E,G,85.25,22.0
683,A,C,4,G,"(0, 4, 9)",ii,A,E,G,85.375,22.0
684,A,C,4,G,"(0, 4, 9)",ii,A,E,G,85.5,22.0
685,A,C,4,G,"(0, 4, 9)",ii,A,E,G,85.625,22.0
686,A,C,4,G,"(0, 4, 9)",ii,A,E,G,85.75,22.0
687,A,C,4,G,"(0, 4, 9)",ii,A,E,G,85.875,22.0
688,A,C,5,G,"(0, 4, 9)",ii,A,E,G,86.0,22.0
689,A,C,5,G,"(0, 4, 9)",ii,A,E,G,86.125,22.0
690,A,C,5,G,"(0, 4, 9)",ii,A,E,G,86.25,22.0
691,A,C,5,G,"(0, 4, 9)",ii,A,E,G,86.375,22.0
692,A,C,5,G,"(0, 4, 9)",ii,A,E,G,86.5,22.0
693,A,C,5,G,"(0, 4, 9)",ii,A,E,G,86.625,22.0
694,A,C,5,G,"(0, 4, 9)",ii,A,E,G,86.75,22.0
695,A,C,5,G,"(0, 4, 9)",ii,A,E,G,86.875,22.0
696,A,C,5,G,"(0, 4, 9)",ii,A,E,G,87.0,22.0
697,A,C,5,G,"(0, 4, 9)",ii,A,E,G,87.125,22.0
698,A,C,5,G,"(0, 4, 9)",ii,A,E,G,87.25,22.0
699,A,C,5,G,"(0, 4, 9)",ii,A,E,G,87.375,22.0
700,A,C,5,G,"(0, 4, 9)",ii,A,E,G,87.5,22.0
701,A,C,5,G,"(0, 4, 9)",ii,A,E,G,87.625,22.0
702,A,C,5,G,"(0, 4, 9)",ii,A,E,G,87.75,22.0
703,A,C,5,G,"(0, 4, 9)",ii,A,E,G,87.875,22.0
704,A,C,0,G,"(0, 4, 9)",ii,A,E,G,88.0,23.0
705,A,C,1,G,"(0, 4, 9)",ii,A,E,G,88.125,23.0
706,A,C,2,G,"(0, 4, 9)",ii,A,E,G,88.25,23.0
707,A,C,2,G,"(0, 4, 9)",ii,A,E,G,88.375,23.0
708,A,C,3,G,"(0, 4, 9)",ii,A,E,G,88.5,23.0
709,A,C,3,G,"(0, 4, 9)",ii,A,E,G,88.625,23.0
710,A,C,3,G,"(0, 4, 9)",ii,A,E,G,88.75,23.0
711,A,C,3,G,"(0, 4, 9)",ii,A,E,G,88.875,23.0
712,A,C,4,G,"(0, 4, 9)",ii,A,E,G,89.0,23.0
713,A,C,4,G,"(0, 4, 9)",ii,A,E,G,89.125,23.0
714,A,C,4,G,"(0, 4, 9)",ii,A,E,G,89.25,23.0
715,A,C,4,G,"(0, 4, 9)",ii,A,E,G,89.375,23.0
716,A,C,4,G,"(0, 4, 9)",ii,A,E,G,89.5,23.0
717,A,C,4,G,"(0, 4, 9)",ii,A,E,G,89.625,23.0
718,A,C,4,G,"(0, 4, 9)",ii,A,E,G,89.75,23.0
719,A,C,4,G,"(0, 4, 9)",ii,A,E,G,89.875,23.0
720,A,C,5,G,"(0, 4, 9)",ii,A,E,G,90.0,23.0
721,A,C,5,G,"(0, 4, 9)",ii,A,E,G,90.125,23.0
722,A,C,2,G,"(0, 4, 9)",ii,A,E,G,90.25,23.0
723,A,C,5,G,"(0, 4, 9)",ii,A,E,G,90.375,23.0
724,A,C,5,G,"(0, 4, 9)",ii,A,E,G,90.5,23.0
725,A,C,5,G,"(0, 4, 9)",ii,A,E,G,90.625,23.0
726,A,C,5,G,"(0, 4, 9)",ii,A,E,G,90.75,23.0
727,A,C,5,G,"(0, 4, 9)",ii,A,E,G,90.875,23.0
728,A,C,5,G,"(0, 4, 9)",ii,A,E,G,91.0,23.0
729,A,C,5,G,"(0, 4, 9)",ii,A,E,G,91.125,23.0
730,A,C,5,G,"(0, 4, 9)",ii,A,E,G,91.25,23.0
731,A,C,5,G,"(0, 4, 9)",ii,A,E,G,91.375,23.0
732,A,C,5,G,"(0, 4, 9)",ii,A,E,G,91.5,23.0
733,A,C,5,G,"(0, 4, 9)",ii,A,E,G,91.625,23.0
734,A,C,5,G,"(0, 4, 9)",ii,A,E,G,91.75,23.0
735,A,C,5,G,"(0, 4, 9)",ii,A,E,G,91.875,23.0
736,B,D,0,G,"(2, 7, 11)",I,G,G,G,92.0,24.0
737,B,D,1,G,"(2, 7, 11)",I,G,G,G,92.125,24.0
738,B,D,2,G,"(2, 7, 11)",I,G,G,G,92.25,24.0
739,B,D,2,G,"(2, 7, 11)",I,G,G,G,92.375,24.0
740,B,D,3,G,"(2, 7, 11)",I,G,G,G,92.5,24.0
741,B,D,3,G,"(2, 7, 11)",I,G,G,G,92.625,24.0
742,B,D,3,G,"(2, 7, 11)",I,G,G,G,92.75,24.0
743,B,D,3,G,"(2, 7, 11)",I,G,G,G,92.875,24.0
744,B,D,4,G,"(2, 7, 11)",I,G,G,G,93.0,24.0
745,B,D,4,G,"(2, 7, 11)",I,G,G,G,93.125,24.0
746,B,D,4,G,"(2, 7, 11)",I,G,G,G,93.25,24.0
747,B,D,4,G,"(2, 7, 11)",I,G,G,G,93.375,24.0
748,B,D,4,G,"(2, 7, 11)",I,G,G,G,93.5,24.0
749,B,D,4,G,"(2, 7, 11)",I,G,G,G,93.625,24.0
750,B,D,4,G,"(2, 7, 11)",I,G,G,G,93.75,24.0
751,B,D,4,G,"(2, 7, 11)",I,G,G,G,93.875,24.0
752,B,D,5,G,"(2, 7, 11)",I,G,G,G,94.0,24.0
753,B,D,5,G,"(2, 7, 11)",I,G,G,G,94.125,24.0
754,B,D,5,G,"(2, 7, 11)",I,G,G,G,94.25,24.0
755,B,D,5,G,"(2, 7, 11)",I,G,G,G,94.375,24.0
756,B,D,5,G,"(2, 7, 11)",I,G,G,G,94.5,24.0
757,B,D,5,G,"(2, 7, 11)",I,G,G,G,94.625,24.0
758,B,D,5,G,"(2, 7, 11)",I,G,G,G,94.75,24.0
759,B,D,5,G,"(2, 7, 11)",I,G,G,G,94.875,24.0
760,B,D,5,G,"(2, 7, 11)",I,G,G,G,95.0,24.0
761,B,D,5,G,"(2, 7, 11)",I,G,G,G,95.125,24.0
762,B,D,5,G,"(2, 7, 11)",I,G,G,G,95.25,24.0
763,B,D,5,G,"(2, 7, 11)",I,G,G,G,95.375,24.0
764,B,D,5,G,"(2, 7, 11)",Cad,G,G,G,95.5,24.0
765,B,D,5,G,"(2, 7, 11)",I,G,G,G,95.625,24.0
766,B,D,5,G,"(2, 7, 11)",I,G,G,G,95.75,24.0
767,B,D,5,G,"(2, 7, 11)",Cad,G,G,G,95.875,24.0
768,A,D,0,G,"(0, 2, 6, 9)",V7,C,F#,G,96.0,25.0
769,A,D,1,G,"(0, 2, 6, 9)",V7,C,F#,G,96.125,25.0
770,A,D,2,G,"(0, 2, 6, 9)",V7,C,F#,G,96.25,25.0
771,A,D,2,G,"(0, 2, 6, 9)",V7,C,F#,G,96.375,25.0
772,A,D,3,G,"(0, 2, 6, 9)",V7,C,F#,G,96.5,25.0
773,A,D,3,G,"(0, 2, 6, 9)",V7,C,F#,G,96.625,25.0
774,A,D,3,G,"(0, 2, 6, 9)",V7,C,F#,G,96.75,25.0
775,A,D,3,G,"(0, 2, 6, 9)",V7,C,F#,G,96.875,25.0
776,A,D,4,G,"(0, 2, 6, 9)",V7,C,F#,G,97.0,25.0
777,A,D,4,G,"(0, 2, 6, 9)",V7,C,F#,G,97.125,25.0
778,A,D,4,G,"(0, 2, 6, 9)",V7,C,F#,G,97.25,25.0
779,A,D,4,G,"(0, 2, 6, 9)",V7,C,F#,G,97.375,25.0
780,A,D,4,G,"(0, 2, 6, 9)",V7,C,F#,G,97.5,25.0
781,A,D,4,G,"(0, 2, 6, 9)",V7,C,F#,G,97.625,25.0
782,A,D,4,G,"(0, 2, 6, 9)",V7,C,F#,G,97.75,25.0
783,A,D,4,G,"(0, 2, 6, 9)",V7,C,F#,G,97.875,25.0
784,A,D,5,G,"(0, 2, 6, 9)",V7,C,F#,G,98.0,25.0
785,A,D,5,G,"(0, 2, 6, 9)",V7,C,F#,G,98.125,25.0
786,A,D,5,G,"(0, 2, 6, 9)",V7,C,F#,G,98.25,25.0
787,A,D,5,G,"(0, 2, 6, 9)",V7,C,F#,G,98.375,25.0
788,A,D,5,G,"(0, 2, 6, 9)",V7,C,F#,G,98.5,25.0
789,A,D,5,G,"(0, 2, 6, 9)",V7,C,F#,G,98.625,25.0
790,A,D,5,G,"(0, 2, 6, 9)",V7,C,F#,G,98.75,25.0
791,A,D,5,G,"(0, 2, 6, 9)",V7,C,F#,G,98.875,25.0
792,A,D,5,G,"(0, 2, 6, 9)",V7,C,F#,G,99.0,25.0
793,A,D,5,G,"(0, 2, 6, 9)",V7,C,F#,G,99.125,25.0
794,A,D,5,G,"(0, 2, 6, 9)",V7,C,F#,G,99.25,25.0
795,A,D,5,G,"(0, 2, 6, 9)",V7,C,F#,G,99.375,25.0
796,A,D,5,G,"(0, 2, 6, 9)",V7,C,F#,G,99.5,25.0
797,A,D,5,G,"(0, 2, 6, 9)",V7,C,F#,G,99.625,25.0
798,A,D,5,G,"(0, 2, 6, 9)",V7,C,F#,G,99.75,25.0
799,A,D,5,G,"(0, 2, 6, 9)",V7,C,F#,G,99.875,25.0
800,D,G,0,G,"(2, 7, 11)",I,G,B,G,100.0,26.0
801,D,G,1,G,"(2, 7, 11)",I,G,B,G,100.125,26.0
802,D,G,2,G,"(2, 7, 11)",I,G,B,G,100.25,26.0
803,D,G,2,G,"(2, 7, 11)",I,G,B,G,100.375,26.0
804,D,G,3,G,"(2, 7, 11)",I,G,B,G,100.5,26.0
805,D,G,3,G,"(2, 7, 11)",I,G,B,G,100.625,26.0
806,D,G,3,G,"(2, 7, 11)",I,G,B,G,100.75,26.0
807,D,G,3,G,"(2, 7, 11)",I,G,B,G,100.875,26.0
808,D,G,0,G,"(2, 7, 11)",I,G,B,G,101.0,26.0
809,D,G,1,G,"(2, 7, 11)",I,G,B,G,101.125,26.0
810,D,G,2,G,"(2, 7, 11)",I,G,B,G,101.25,26.0
811,D,G,2,G,"(2, 7, 11)",I,G,B,G,101.375,26.0
812,D,G,3,G,"(2, 7, 11)",I,G,B,G,101.5,26.0
813,D,G,3,G,"(2, 7, 11)",I,G,B,G,101.625,26.0
814,D,G,3,G,"(2, 7, 11)",I,G,B,G,101.75,26.0
815,D,G,3,G,"(2, 7, 11)",I,G,B,G,101.875,26.0
816,D,G,0,G,"(2, 7, 11)",I,G,B,G,102.0,26.0
817,D,G,1,G,"(2, 7, 11)",I,G,B,G,102.125,26.0
818,D,G,2,G,"(2, 7, 11)",I,G,B,G,102.25,26.0
819,D,G,2,G,"(2, 7, 11)",I,G,B,G,102.375,26.0
820,D,G,3,G,"(2, 7, 11)",I,G,B,G,102.5,26.0
821,D,G,3,G,"(2, 7, 11)",I,G,B,G,102.625,26.0
822,D,G,3,G,"(2, 7, 11)",I,G,B,G,102.75,26.0
823,D,G,3,G,"(2, 7, 11)",I,G,B,G,102.875,26.0
824,A,D,0,G,"(0, 2, 6, 9)",V7,C,F#,G,103.0,26.0
825,A,D,1,G,"(0, 2, 6, 9)",V7,C,F#,G,103.125,26.0
826,A,D,2,G,"(0, 2, 6, 9)",V7,C,F#,G,103.25,26.0
827,A,D,2,G,"(0, 2, 6, 9)",V7,C,F#,G,103.375,26.0
828,A,D,3,G,"(0, 2, 6, 9)",V7,C,F#,G,103.5,26.0
829,A,D,3,G,"(0, 2, 6, 9)",V7,C,F#,G,103.625,26.0
830,A,D,3,G,"(0, 2, 6, 9)",V7,C,F#,G,103.75,26.0
831,A,D,3,G,"(0, 2, 6, 9)",V7,C,F#,G,103.875,26.0
832,D,G,0,G,"(2, 7, 11)",I,G,B,G,104.0,27.0
833,D,G,1,G,"(2, 7, 11)",I,G,B,G,104.125,27.0
834,D,G,2,G,"(2, 7, 11)",I,G,B,G,104.25,27.0
835,D,G,2,G,"(2, 7, 11)",I,G,B,G,104.375,27.0
836,D,G,3,G,"(2, 7, 11)",I,G,B,G,104.5,27.0
837,D,G,3,G,"(2, 7, 11)",I,G,B,G,104.625,27.0
838,D,G,3,G,"(2, 7, 11)",I,G,B,G,104.75,27.0
839,D,G,3,G,"(2, 7, 11)",I,G,B,G,104.875,27.0
840,D,G,4,G,"(2, 7, 11)",I,G,B,G,105.0,27.0
841,D,G,1,G,"(2, 7, 11)",I,G,B,G,105.125,27.0
842,D,G,2,G,"(2, 7, 11)",I,G,B,G,105.25,27.0
843,D,G,2,G,"(2, 7, 11)",I,G,B,G,105.375,27.0
844,D,G,3,G,"(2, 7, 11)",I,G,B,G,105.5,27.0
845,D,G,3,G,"(2, 7, 11)",I,G,B,G,105.625,27.0
846,D,G,3,G,"(2, 7, 11)",I,G,B,G,105.75,27.0
847,D,G,3,G,"(2, 7, 11)",I,G,B,G,105.875,27.0
848,D,G,0,G,"(2, 7, 11)",I,G,B,G,106.0,27.0
849,D,G,1,G,"(2, 7, 11)",I,G,B,G,106.125,27.0
850,D,G,2,G,"(2, 7, 11)",I,G,B,G,106.25,27.0
851,D,G,2,G,"(2, 7, 11)",I,G,B,G,106.375,27.0
852,D,G,3,G,"(2, 7, 11)",I,G,B,G,106.5,27.0
853,D,G,3,G,"(2, 7, 11)",I,G,B,G,106.625,27.0
854,D,G,3,G,"(2, 7, 11)",I,G,B,G,106.75,27.0
855,D,G,3,G,"(2, 7, 11)",I,G,B,G,106.875,27.0
856,A,D,0,G,"(0, 2, 6, 9)",V7,C,F#,G,107.0,27.0
857,A,D,1,G,"(0, 2, 6, 9)",V7,C,F#,G,107.125,27.0
858,A,D,2,G,"(0, 2, 6, 9)",V7,C,F#,G,107.25,27.0
859,A,D,2,G,"(0, 2, 6, 9)",V7,C,F#,G,107.375,27.0
860,A,D,3,G,"(0, 2, 6, 9)",V7,C,F#,G,107.5,27.0
861,A,D,3,G,"(0, 2, 6, 9)",V7,C,F#,G,107.625,27.0
862,A,D,3,G,"(0, 2, 6, 9)",V7,C,F#,G,107.75,27.0
863,A,D,3,G,"(0, 2, 6, 9)",V7,C,F#,G,107.875,27.0
864,D,G,0,G,"(2, 7, 11)",I,G,B,G,108.0,28.0
865,D,G,1,G,"(2, 7, 11)",I,G,B,G,108.125,28.0
866,D,G,2,G,"(2, 7, 11)",I,G,B,G,108.25,28.0
867,D,G,2,G,"(2, 7, 11)",I,G,B,G,108.375,28.0
868,D,G,3,G,"(2, 7, 11)",I,G,B,G,108.5,28.0
869,D,G,3,G,"(2, 7, 11)",I,G,B,G,108.625,28.0
870,D,G,3,G,"(2, 7, 11)",I,G,B,G,108.75,28.0
871,D,G,3,G,"(2, 7, 11)",I,G,B,G,108.875,28.0
872,D,G,4,G,"(2, 7, 11)",I,G,B,G,109.0,28.0
873,D,G,4,G,"(2, 7, 11)",I,G,B,G,109.125,28.0
874,D,G,4,G,"(2, 7, 11)",I,G,B,G,109.25,28.0
875,D,G,4,G,"(2, 7, 11)",I,G,B,G,109.375,28.0
876,D,G,4,G,"(2, 7, 11)",I,G,B,G,109.5,28.0
877,D,G,4,G,"(2, 7, 11)",I,G,B,G,109.625,28.0
878,D,G,4,G,"(2, 7, 11)",I,G,B,G,109.75,28.0
879,D,G,4,G,"(2, 7, 11)",I,G,B,G,109.875,28.0
880,D,G,5,G,"(2, 7, 11)",I,G,B,G,110.0,28.0
881,D,G,5,G,"(2, 7, 11)",I,G,B,G,110.125,28.0
882,D,G,5,G,"(2, 7, 11)",I,G,B,G,110.25,28.0
883,D,G,5,G,"(2, 7, 11)",I,G,B,G,110.375,28.0
884,D,G,5,G,"(2, 7, 11)",I,G,B,G,110.5,28.0
885,D,G,5,G,"(2, 7, 11)",I,G,B,G,110.625,28.0
886,D,G,5,G,"(2, 7, 11)",I,G,B,G,110.75,28.0
887,D,G,5,G,"(2, 7, 11)",I,G,B,G,110.875,28.0
888,D,G,5,G,"(2, 7, 11)",I,G,B,G,111.0,28.0
889,D,G,5,G,"(2, 7, 11)",I,G,B,G,111.125,28.0
890,D,G,5,G,"(2, 7, 11)",I,G,B,G,111.25,28.0
891,D,G,5,G,"(2, 7, 11)",I,G,B,G,111.375,28.0
892,D,G,5,G,"(2, 7, 11)",I,G,B,G,111.5,28.0
893,D,G,5,G,"(2, 7, 11)",I,G,B,G,111.625,28.0
894,D,G,5,G,"(2, 7, 11)",I,G,B,G,111.75,28.0
895,D,G,5,G,"(2, 7, 11)",I,G,B,G,111.875,28.0
896,C--,C--,6,A,"(0, 1, 5, 8)",Cad,C--,C--,A,,
897,C--,C--,6,A,"(0, 1, 5, 8)",Cad,C--,C--,A,,
898,C--,C--,6,A,"(0, 1, 5, 8)",Cad,C--,C--,A,,
899,C--,C--,6,A,"(0, 1, 5, 8)",Cad,C--,C--,A,,
900,C--,C--,6,A,"(0, 1, 5, 8)",Cad,C--,C--,A,,
901,C--,C--,6,A,"(0, 1, 5, 8)",Cad,C--,C--,A,,
902,C--,C--,6,A,"(0, 1, 5, 8)",Cad,C--,C--,A,,
903,C--,C--,6,A,"(0, 1, 5, 8)",Cad,C--,C--,A,,
904,C--,C--,6,A,"(0, 1, 5, 8)",Cad,C--,C--,A,,
905,C--,C--,6,A,"(0, 1, 5, 8)",Cad,C--,C--,A,,
906,C--,C--,6,A,"(0, 1, 5, 8)",Cad,C--,C--,A,,
907,C--,C--,6,A,"(0, 1, 5, 8)",Cad,C--,C--,A,,
908,C--,C--,6,A,"(0, 1, 5, 8)",Cad,C--,C--,A,,
909,C--,C--,6,A,"(0, 1, 5, 8)",Cad,C--,C--,A,,
910,C--,C--,6,A,"(0, 1, 5, 8)",Cad,C--,C--,A,,
911,C--,C--,6,A,"(0, 1, 5, 8)",Cad,C--,C--,A,,
912,C--,C--,6,A,"(0, 1, 5, 8)",Cad,C--,C--,A,,
913,C--,C--,6,A,"(0, 1, 5, 8)",Cad,C--,C--,A,,
914,C--,C--,6,A,"(0, 1, 5, 8)",Cad,C--,C--,A,,
915,C--,C--,6,A,"(0, 1, 5, 8)",Cad,C--,C--,A,,
916,C--,C--,6,A,"(0, 1, 5, 8)",Cad,C--,C--,A,,
917,C--,C--,6,A,"(0, 1, 5, 8)",Cad,C--,C--,A,,
918,C--,C--,6,A,"(0, 1, 5, 8)",Cad,C--,C--,A,,
919,C--,C--,6,A,"(0, 1, 5, 8)",Cad,C--,C--,A,,
920,C--,C--,6,A,"(0, 1, 5, 8)",Cad,C--,C--,A,,
921,C--,C--,6,A,"(0, 1, 5, 8)",Cad,C--,C--,A,,
922,C--,C--,6,A,"(0, 1, 5, 8)",Cad,C--,C--,A,,
923,C--,C--,6,A,"(0, 1, 5, 8)",Cad,C--,C--,A,,
924,C--,C--,6,A,"(0, 1, 5, 8)",Cad,C--,C--,A,,
925,C--,C--,6,A,"(0, 1, 5, 8)",Cad,C--,C--,A,,
926,C--,C--,6,A,"(0, 1, 5, 8)",Cad,C--,C--,A,,
927,C--,C--,6,A,"(0, 1, 5, 8)",Cad,C--,C--,A,,
928,C--,C--,6,A,"(0, 1, 5, 8)",Cad,C--,C--,A,,
929,C--,C--,6,A,"(0, 1, 5, 8)",Cad,C--,C--,A,,
930,C--,C--,6,A,"(0, 1, 5, 8)",Cad,C--,C--,A,,
931,C--,C--,6,A,"(0, 1, 5, 8)",Cad,C--,C--,A,,
932,C--,C--,6,A,"(0, 1, 5, 8)",Cad,C--,C--,A,,
933,C--,C--,6,A,"(0, 1, 5, 8)",Cad,C--,C--,A,,
934,C--,C--,6,A,"(0, 1, 5, 8)",Cad,C--,C--,A,,
935,C--,C--,6,A,"(0, 1, 5, 8)",Cad,C--,C--,A,,
936,C--,C--,6,A,"(0, 1, 5, 8)",Cad,C--,C--,A,,
937,C--,C--,6,A,"(0, 1, 5, 8)",Cad,C--,C--,A,,
938,C--,C--,6,A,"(0, 1, 5, 8)",Cad,C--,C--,A,,
939,C--,C--,6,A,"(0, 1, 5, 8)",Cad,C--,C--,A,,
940,C--,C--,6,A,"(0, 1, 5, 8)",Cad,C--,C--,A,,
941,C--,C--,6,A,"(0, 1, 5, 8)",Cad,C--,C--,A,,
942,C--,C--,6,A,"(0, 1, 5, 8)",Cad,C--,C--,A,,
943,C--,C--,6,A,"(0, 1, 5, 8)",Cad,C--,C--,A,,
944,C--,C--,6,A,"(0, 1, 5, 8)",Cad,C--,C--,A,,
945,C--,C--,6,A,"(0, 1, 5, 8)",Cad,C--,C--,A,,
946,C--,C--,6,A,"(0, 1, 5, 8)",Cad,C--,C--,A,,
947,C--,C--,6,A,"(0, 1, 5, 8)",Cad,C--,C--,A,,
948,C--,C--,6,A,"(0, 1, 5, 8)",Cad,C--,C--,A,,
949,C--,C--,6,A,"(0, 1, 5, 8)",Cad,C--,C--,A,,
950,C--,C--,6,A,"(0, 1, 5, 8)",Cad,C--,C--,A,,
951,C--,C--,6,A,"(0, 1, 5, 8)",Cad,C--,C--,A,,
952,C--,C--,6,A,"(0, 1, 5, 8)",Cad,C--,C--,A,,
953,C--,C--,6,A,"(0, 1, 5, 8)",Cad,C--,C--,A,,
954,C--,C--,6,A,"(0, 1, 5, 8)",Cad,C--,C--,A,,
955,C--,C--,6,A,"(0, 1, 5, 8)",Cad,C--,C--,A,,
956,C--,C--,6,A,"(0, 1, 5, 8)",Cad,C--,C--,A,,
957,C--,C--,6,A,"(0, 1, 5, 8)",Cad,C--,C--,A,,
958,C--,C--,6,A,"(0, 1, 5, 8)",Cad,C--,C--,A,,
959,C--,C--,6,A,"(0, 1, 5, 8)",Cad,C--,C--,A,,
960,C--,C--,6,A,"(0, 1, 5, 8)",Cad,C--,C--,A,,
961,C--,C--,6,A,"(0, 1, 5, 8)",Cad,C--,C--,A,,
962,C--,C--,6,A,"(0, 1, 5, 8)",Cad,C--,C--,A,,
963,C--,C--,6,A,"(0, 1, 5, 8)",Cad,C--,C--,A,,
964,C--,C--,6,A,"(0, 1, 5, 8)",Cad,C--,C--,A,,
965,C--,C--,6,A,"(0, 1, 5, 8)",Cad,C--,C--,A,,
966,C--,C--,6,A,"(0, 1, 5, 8)",Cad,C--,C--,A,,
967,C--,C--,6,A,"(0, 1, 5, 8)",Cad,C--,C--,A,,
968,C--,C--,6,A,"(0, 1, 5, 8)",Cad,C--,C--,A,,
969,C--,C--,6,A,"(0, 1, 5, 8)",Cad,C--,C--,A,,
970,C--,C--,6,A,"(0, 1, 5, 8)",Cad,C--,C--,A,,
971,C--,C--,6,A,"(0, 1, 5, 8)",Cad,C--,C--,A,,
972,C--,C--,6,A,"(0, 1, 5, 8)",Cad,C--,C--,A,,
973,C--,C--,6,A,"(0, 1, 5, 8)",Cad,C--,C--,A,,
974,C--,C--,6,A,"(0, 1, 5, 8)",Cad,C--,C--,A,,
975,C--,C--,6,A,"(0, 1, 5, 8)",Cad,C--,C--,A,,
976,C--,C--,6,A,"(0, 1, 5, 8)",Cad,C--,C--,A,,
977,C--,C--,6,A,"(0, 1, 5, 8)",Cad,C--,C--,A,,
978,C--,C--,6,A,"(0, 1, 5, 8)",Cad,C--,C--,A,,
979,C--,C--,6,A,"(0, 1, 5, 8)",Cad,C--,C--,A,,
980,C--,C--,6,A,"(0, 1, 5, 8)",Cad,C--,C--,A,,
981,C--,C--,6,A,"(0, 1, 5, 8)",Cad,C--,C--,A,,
982,C--,C--,6,A,"(0, 1, 5, 8)",Cad,C--,C--,A,,
983,C--,C--,6,A,"(0, 1, 5, 8)",Cad,C--,C--,A,,
984,C--,C--,6,A,"(0, 1, 5, 8)",Cad,C--,C--,A,,
985,C--,C--,6,A,"(0, 1, 5, 8)",Cad,C--,C--,A,,
986,C--,C--,6,A,"(0, 1, 5, 8)",Cad,C--,C--,A,,
987,C--,C--,6,A,"(0, 1, 5, 8)",Cad,C--,C--,A,,
988,C--,C--,6,A,"(0, 1, 5, 8)",Cad,C--,C--,A,,
989,C--,C--,6,A,"(0, 1, 5, 8)",Cad,C--,C--,A,,
990,C--,C--,6,A,"(0, 1, 5, 8)",Cad,C--,C--,A,,
991,C--,C--,6,A,"(0, 1, 5, 8)",Cad,C--,C--,A,,
992,C--,C--,6,A,"(0, 1, 5, 8)",Cad,C--,C--,A,,
993,C--,C--,6,A,"(0, 1, 5, 8)",Cad,C--,C--,A,,
994,C--,C--,6,A,"(0, 1, 5, 8)",Cad,C--,C--,A,,
995,C--,C--,6,A,"(0, 1, 5, 8)",Cad,C--,C--,A,,
996,C--,C--,6,A,"(0, 1, 5, 8)",Cad,C--,C--,A,,
997,C--,C--,6,A,"(0, 1, 5, 8)",Cad,C--,C--,A,,
998,C--,C--,6,A,"(0, 1, 5, 8)",Cad,C--,C--,A,,
999,C--,C--,6,A,"(0, 1, 5, 8)",Cad,C--,C--,A,,
1000,C--,C--,6,A,"(0, 1, 5, 8)",Cad,C--,C--,A,,
1001,C--,C--,6,A,"(0, 1, 5, 8)",Cad,C--,C--,A,,
1002,C--,C--,6,A,"(0, 1, 5, 8)",Cad,C--,C--,A,,
1003,C--,C--,6,A,"(0, 1, 5, 8)",Cad,C--,C--,A,,
1004,C--,C--,6,A,"(0, 1, 5, 8)",Cad,C--,C--,A,,
1005,C--,C--,6,A,"(0, 1, 5, 8)",Cad,C--,C--,A,,
1006,C--,C--,6,A,"(0, 1, 5, 8)",Cad,C--,C--,A,,
1007,C--,C--,6,A,"(0, 1, 5, 8)",Cad,C--,C--,A,,
1008,C--,C--,6,A,"(0, 1, 5, 8)",Cad,C--,C--,A,,
1009,C--,C--,6,A,"(0, 1, 5, 8)",Cad,C--,C--,A,,
1010,C--,C--,6,A,"(0, 1, 5, 8)",Cad,C--,C--,A,,
1011,C--,C--,6,A,"(0, 1, 5, 8)",Cad,C--,C--,A,,
1012,C--,C--,6,A,"(0, 1, 5, 8)",Cad,C--,C--,A,,
1013,C--,C--,6,A,"(0, 1, 5, 8)",Cad,C--,C--,A,,
1014,C--,C--,6,A,"(0, 1, 5, 8)",Cad,C--,C--,A,,
1015,C--,C--,6,A,"(0, 1, 5, 8)",Cad,C--,C--,A,,
1016,C--,C--,6,A,"(0, 1, 5, 8)",Cad,C--,C--,A,,
1017,C--,C--,6,A,"(0, 1, 5, 8)",Cad,C--,C--,A,,
1018,C--,C--,6,A,"(0, 1, 5, 8)",Cad,C--,C--,A,,
1019,C--,C--,6,A,"(0, 1, 5, 8)",Cad,C--,C--,A,,
1020,C--,C--,6,A,"(0, 1, 5, 8)",Cad,C--,C--,A,,
1021,C--,C--,6,A,"(0, 1, 5, 8)",Cad,C--,C--,A,,
1022,C--,C--,6,A,"(0, 1, 5, 8)",Cad,C--,C--,A,,
1023,C--,C--,6,A,"(0, 1, 5, 8)",Cad,C--,C--,A,,
1024,C--,C--,6,A,"(0, 1, 5, 8)",Cad,C--,C--,A,,
1025,C--,C--,6,A,"(0, 1, 5, 8)",Cad,C--,C--,A,,
1026,C--,C--,6,A,"(0, 1, 5, 8)",Cad,C--,C--,A,,
1027,C--,C--,6,A,"(0, 1, 5, 8)",Cad,C--,C--,A,,
1028,C--,C--,6,A,"(0, 1, 5, 8)",Cad,C--,C--,A,,
1029,C--,C--,6,A,"(0, 1, 5, 8)",Cad,C--,C--,A,,
1030,C--,C--,6,A,"(0, 1, 5, 8)",Cad,C--,C--,A,,
1031,C--,C--,6,A,"(0, 1, 5, 8)",Cad,C--,C--,A,,
1032,C--,C--,6,A,"(0, 1, 5, 8)",Cad,C--,C--,A,,
1033,C--,C--,6,A,"(0, 1, 5, 8)",Cad,C--,C--,A,,
1034,C--,C--,6,A,"(0, 1, 5, 8)",Cad,C--,C--,A,,
1035,C--,C--,6,A,"(0, 1, 5, 8)",Cad,C--,C--,A,,
1036,C--,C--,6,A,"(0, 1, 5, 8)",Cad,C--,C--,A,,
1037,C--,C--,6,A,"(0, 1, 5, 8)",Cad,C--,C--,A,,
1038,C--,C--,6,A,"(0, 1, 5, 8)",Cad,C--,C--,A,,
1039,C--,C--,6,A,"(0, 1, 5, 8)",Cad,C--,C--,A,,
1040,C--,C--,6,A,"(0, 1, 5, 8)",Cad,C--,C--,A,,
1041,C--,C--,6,A,"(0, 1, 5, 8)",Cad,C--,C--,A,,
1042,C--,C--,6,A,"(0, 1, 5, 8)",Cad,C--,C--,A,,
1043,C--,C--,6,A,"(0, 1, 5, 8)",Cad,C--,C--,A,,
1044,C--,C--,6,A,"(0, 1, 5, 8)",Cad,C--,C--,A,,
1045,C--,C--,6,A,"(0, 1, 5, 8)",Cad,C--,C--,A,,
1046,C--,C--,6,A,"(0, 1, 5, 8)",Cad,C--,C--,A,,
1047,C--,C--,6,A,"(0, 1, 5, 8)",Cad,C--,C--,A,,
1048,C--,C--,6,A,"(0, 1, 5, 8)",Cad,C--,C--,A,,
1049,C--,C--,6,A,"(0, 1, 5, 8)",Cad,C--,C--,A,,
1050,C--,C--,6,A,"(0, 1, 5, 8)",Cad,C--,C--,A,,
1051,C--,C--,6,A,"(0, 1, 5, 8)",Cad,C--,C--,A,,
1052,C--,C--,6,A,"(0, 1, 5, 8)",Cad,C--,C--,A,,
1053,C--,C--,6,A,"(0, 1, 5, 8)",Cad,C--,C--,A,,
1054,C--,C--,6,A,"(0, 1, 5, 8)",Cad,C--,C--,A,,
1055,C--,C--,6,A,"(0, 1, 5, 8)",Cad,C--,C--,A,,
1056,C--,C--,6,A,"(0, 1, 5, 8)",Cad,C--,C--,A,,
1057,C--,C--,6,A,"(0, 1, 5, 8)",Cad,C--,C--,A,,
1058,C--,C--,6,A,"(0, 1, 5, 8)",Cad,C--,C--,A,,
1059,C--,C--,6,A,"(0, 1, 5, 8)",Cad,C--,C--,A,,
1060,C--,C--,6,A,"(0, 1, 5, 8)",Cad,C--,C--,A,,
1061,C--,C--,6,A,"(0, 1, 5, 8)",Cad,C--,C--,A,,
1062,C--,C--,6,A,"(0, 1, 5, 8)",Cad,C--,C--,A,,
1063,C--,C--,6,A,"(0, 1, 5, 8)",Cad,C--,C--,A,,
1064,C--,C--,6,A,"(0, 1, 5, 8)",Cad,C--,C--,A,,
1065,C--,C--,6,A,"(0, 1, 5, 8)",Cad,C--,C--,A,,
1066,C--,C--,6,A,"(0, 1, 5, 8)",Cad,C--,C--,A,,
1067,C--,C--,6,A,"(0, 1, 5, 8)",Cad,C--,C--,A,,
1068,C--,C--,6,A,"(0, 1, 5, 8)",Cad,C--,C--,A,,
1069,C--,C--,6,A,"(0, 1, 5, 8)",Cad,C--,C--,A,,
1070,C--,C--,6,A,"(0, 1, 5, 8)",Cad,C--,C--,A,,
1071,C--,C--,6,A,"(0, 1, 5, 8)",Cad,C--,C--,A,,
1072,C--,C--,6,A,"(0, 1, 5, 8)",Cad,C--,C--,A,,
1073,C--,C--,6,A,"(0, 1, 5, 8)",Cad,C--,C--,A,,
1074,C--,C--,6,A,"(0, 1, 5, 8)",Cad,C--,C--,A,,
1075,C--,C--,6,A,"(0, 1, 5, 8)",Cad,C--,C--,A,,
1076,C--,C--,6,A,"(0, 1, 5, 8)",Cad,C--,C--,A,,
1077,C--,C--,6,A,"(0, 1, 5, 8)",Cad,C--,C--,A,,
1078,C--,C--,6,A,"(0, 1, 5, 8)",Cad,C--,C--,A,,
1079,C--,C--,6,A,"(0, 1, 5, 8)",Cad,C--,C--,A,,
1080,C--,C--,6,A,"(0, 1, 5, 8)",Cad,C--,C--,A,,
1081,C--,C--,6,A,"(0, 1, 5, 8)",Cad,C--,C--,A,,
1082,C--,C--,6,A,"(0, 1, 5, 8)",Cad,C--,C--,A,,
1083,C--,C--,6,A,"(0, 1, 5, 8)",Cad,C--,C--,A,,
1084,C--,C--,6,A,"(0, 1, 5, 8)",Cad,C--,C--,A,,
1085,C--,C--,6,A,"(0, 1, 5, 8)",Cad,C--,C--,A,,
1086,C--,C--,6,A,"(0, 1, 5, 8)",Cad,C--,C--,A,,
1087,C--,C--,6,A,"(0, 1, 5, 8)",Cad,C--,C--,A,,
1088,C--,C--,6,A,"(0, 1, 5, 8)",Cad,C--,C--,A,,
1089,C--,C--,6,A,"(0, 1, 5, 8)",Cad,C--,C--,A,,
1090,C--,C--,6,A,"(0, 1, 5, 8)",Cad,C--,C--,A,,
1091,C--,C--,6,A,"(0, 1, 5, 8)",Cad,C--,C--,A,,
1092,C--,C--,6,A,"(0, 1, 5, 8)",Cad,C--,C--,A,,
1093,C--,C--,6,A,"(0, 1, 5, 8)",Cad,C--,C--,A,,
1094,C--,C--,6,A,"(0, 1, 5, 8)",Cad,C--,C--,A,,
1095,C--,C--,6,A,"(0, 1, 5, 8)",Cad,C--,C--,A,,
1096,C--,C--,6,A,"(0, 1, 5, 8)",Cad,C--,C--,A,,
1097,C--,C--,6,A,"(0, 1, 5, 8)",Cad,C--,C--,A,,
1098,C--,C--,6,A,"(0, 1, 5, 8)",Cad,C--,C--,A,,
1099,C--,C--,6,A,"(0, 1, 5, 8)",Cad,C--,C--,A,,
1100,C--,C--,6,A,"(0, 1, 5, 8)",Cad,C--,C--,A,,
1101,C--,C--,6,A,"(0, 1, 5, 8)",Cad,C--,C--,A,,
1102,C--,C--,6,A,"(0, 1, 5, 8)",Cad,C--,C--,A,,
1103,C--,C--,6,A,"(0, 1, 5, 8)",Cad,C--,C--,A,,
1104,C--,C--,6,A,"(0, 1, 5, 8)",Cad,C--,C--,A,,
1105,C--,C--,6,A,"(0, 1, 5, 8)",Cad,C--,C--,A,,
1106,C--,C--,6,A,"(0, 1, 5, 8)",Cad,C--,C--,A,,
1107,C--,C--,6,A,"(0, 1, 5, 8)",Cad,C--,C--,A,,
1108,C--,C--,6,A,"(0, 1, 5, 8)",Cad,C--,C--,A,,
1109,C--,C--,6,A,"(0, 1, 5, 8)",Cad,C--,C--,A,,
1110,C--,C--,6,A,"(0, 1, 5, 8)",Cad,C--,C--,A,,
1111,C--,C--,6,A,"(0, 1, 5, 8)",Cad,C--,C--,A,,
1112,C--,C--,6,A,"(0, 1, 5, 8)",Cad,C--,C--,A,,
1113,C--,C--,6,A,"(0, 1, 5, 8)",Cad,C--,C--,A,,
1114,C--,C--,6,A,"(0, 1, 5, 8)",Cad,C--,C--,A,,
1115,C--,C--,6,A,"(0, 1, 5, 8)",Cad,C--,C--,A,,
1116,C--,C--,6,A,"(0, 1, 5, 8)",Cad,C--,C--,A,,
1117,C--,C--,6,A,"(0, 1, 5, 8)",Cad,C--,C--,A,,
1118,C--,C--,6,A,"(0, 1, 5, 8)",Cad,C--,C--,A,,
1119,C--,C--,6,A,"(0, 1, 5, 8)",Cad,C--,C--,A,,
1120,C--,C--,6,A,"(0, 1, 5, 8)",Cad,C--,C--,A,,
1121,C--,C--,6,A,"(0, 1, 5, 8)",Cad,C--,C--,A,,
1122,C--,C--,6,A,"(0, 1, 5, 8)",Cad,C--,C--,A,,
1123,C--,C--,6,A,"(0, 1, 5, 8)",Cad,C--,C--,A,,
1124,C--,C--,6,A,"(0, 1, 5, 8)",Cad,C--,C--,A,,
1125,C--,C--,6,A,"(0, 1, 5, 8)",Cad,C--,C--,A,,
1126,C--,C--,6,A,"(0, 1, 5, 8)",Cad,C--,C--,A,,
1127,C--,C--,6,A,"(0, 1, 5, 8)",Cad,C--,C--,A,,
1128,C--,C--,6,A,"(0, 1, 5, 8)",Cad,C--,C--,A,,
1129,C--,C--,6,A,"(0, 1, 5, 8)",Cad,C--,C--,A,,
1130,C--,C--,6,A,"(0, 1, 5, 8)",Cad,C--,C--,A,,
1131,C--,C--,6,A,"(0, 1, 5, 8)",Cad,C--,C--,A,,
1132,C--,C--,6,A,"(0, 1, 5, 8)",Cad,C--,C--,A,,
1133,C--,C--,6,A,"(0, 1, 5, 8)",Cad,C--,C--,A,,
1134,C--,C--,6,A,"(0, 1, 5, 8)",Cad,C--,C--,A,,
1135,C--,C--,6,A,"(0, 1, 5, 8)",Cad,C--,C--,A,,
1136,C--,C--,6,A,"(0, 1, 5, 8)",Cad,C--,C--,A,,
1137,C--,C--,6,A,"(0, 1, 5, 8)",Cad,C--,C--,A,,
1138,C--,C--,6,A,"(0, 1, 5, 8)",Cad,C--,C--,A,,
1139,C--,C--,6,A,"(0, 1, 5, 8)",Cad,C--,C--,A,,
1140,C--,C--,6,A,"(0, 1, 5, 8)",Cad,C--,C--,A,,
1141,C--,C--,6,A,"(0, 1, 5, 8)",Cad,C--,C--,A,,
1142,C--,C--,6,A,"(0, 1, 5, 8)",Cad,C--,C--,A,,
1143,C--,C--,6,A,"(0, 1, 5, 8)",Cad,C--,C--,A,,
1144,C--,C--,6,A,"(0, 1, 5, 8)",Cad,C--,C--,A,,
1145,C--,C--,6,A,"(0, 1, 5, 8)",Cad,C--,C--,A,,
1146,C--,C--,6,A,"(0, 1, 5, 8)",Cad,C--,C--,A,,
1147,C--,C--,6,A,"(0, 1, 5, 8)",Cad,C--,C--,A,,
1148,C--,C--,6,A,"(0, 1, 5, 8)",Cad,C--,C--,A,,
1149,C--,C--,6,A,"(0, 1, 5, 8)",Cad,C--,C--,A,,
1150,C--,C--,6,A,"(0, 1, 5, 8)",Cad,C--,C--,A,,
1151,C--,C--,6,A,"(0, 1, 5, 8)",Cad,C--,C--,A,,
1152,C--,C--,6,A,"(0, 1, 5, 8)",Cad,C--,C--,A,,
1153,C--,C--,6,A,"(0, 1, 5, 8)",Cad,C--,C--,A,,
1154,C--,C--,6,A,"(0, 1, 5, 8)",Cad,C--,C--,A,,
1155,C--,C--,6,A,"(0, 1, 5, 8)",Cad,C--,C--,A,,
1156,C--,C--,6,A,"(0, 1, 5, 8)",Cad,C--,C--,A,,
1157,C--,C--,6,A,"(0, 1, 5, 8)",Cad,C--,C--,A,,
1158,C--,C--,6,A,"(0, 1, 5, 8)",Cad,C--,C--,A,,
1159,C--,C--,6,A,"(0, 1, 5, 8)",Cad,C--,C--,A,,
1160,C--,C--,6,A,"(0, 1, 5, 8)",Cad,C--,C--,A,,
1161,C--,C--,6,A,"(0, 1, 5, 8)",Cad,C--,C--,A,,
1162,C--,C--,6,A,"(0, 1, 5, 8)",Cad,C--,C--,A,,
1163,C--,C--,6,A,"(0, 1, 5, 8)",Cad,C--,C--,A,,
1164,C--,C--,6,A,"(0, 1, 5, 8)",Cad,C--,C--,A,,
1165,C--,C--,6,A,"(0, 1, 5, 8)",Cad,C--,C--,A,,
1166,C--,C--,6,A,"(0, 1, 5, 8)",Cad,C--,C--,A,,
1167,C--,C--,6,A,"(0, 1, 5, 8)",Cad,C--,C--,A,,
1168,C--,C--,6,A,"(0, 1, 5, 8)",Cad,C--,C--,A,,
1169,C--,C--,6,A,"(0, 1, 5, 8)",Cad,C--,C--,A,,
1170,C--,C--,6,A,"(0, 1, 5, 8)",Cad,C--,C--,A,,
1171,C--,C--,6,A,"(0, 1, 5, 8)",Cad,C--,C--,A,,
1172,C--,C--,6,A,"(0, 1, 5, 8)",Cad,C--,C--,A,,
1173,C--,C--,6,A,"(0, 1, 5, 8)",Cad,C--,C--,A,,
1174,C--,C--,6,A,"(0, 1, 5, 8)",Cad,C--,C--,A,,
1175,C--,C--,6,A,"(0, 1, 5, 8)",Cad,C--,C--,A,,
1176,C--,C--,6,A,"(0, 1, 5, 8)",Cad,C--,C--,A,,
1177,C--,C--,6,A,"(0, 1, 5, 8)",Cad,C--,C--,A,,
1178,C--,C--,6,A,"(0, 1, 5, 8)",Cad,C--,C--,A,,
1179,C--,C--,6,A,"(0, 1, 5, 8)",Cad,C--,C--,A,,
1180,C--,C--,6,A,"(0, 1, 5, 8)",Cad,C--,C--,A,,
1181,C--,C--,6,A,"(0, 1, 5, 8)",Cad,C--,C--,A,,
1182,C--,C--,6,A,"(0, 1, 5, 8)",Cad,C--,C--,A,,
1183,C--,C--,6,A,"(0, 1, 5, 8)",Cad,C--,C--,A,,
1184,C--,C--,6,A,"(0, 1, 5, 8)",Cad,C--,C--,A,,
1185,C--,C--,6,A,"(0, 1, 5, 8)",Cad,C--,C--,A,,
1186,C--,C--,6,A,"(0, 1, 5, 8)",Cad,C--,C--,A,,
1187,C--,C--,6,A,"(0, 1, 5, 8)",Cad,C--,C--,A,,
1188,C--,C--,6,A,"(0, 1, 5, 8)",Cad,C--,C--,A,,
1189,C--,C--,6,A,"(0, 1, 5, 8)",Cad,C--,C--,A,,
1190,C--,C--,6,A,"(0, 1, 5, 8)",Cad,C--,C--,A,,
1191,C--,C--,6,A,"(0, 1, 5, 8)",Cad,C--,C--,A,,
1192,C--,C--,6,A,"(0, 1, 5, 8)",Cad,C--,C--,A,,
1193,C--,C--,6,A,"(0, 1, 5, 8)",Cad,C--,C--,A,,
1194,C--,C--,6,A,"(0, 1, 5, 8)",Cad,C--,C--,A,,
1195,C--,C--,6,A,"(0, 1, 5, 8)",Cad,C--,C--,A,,
1196,C--,C--,6,A,"(0, 1, 5, 8)",Cad,C--,C--,A,,
1197,C--,C--,6,A,"(0, 1, 5, 8)",Cad,C--,C--,A,,
1198,C--,C--,6,A,"(0, 1, 5, 8)",Cad,C--,C--,A,,
1199,C--,C--,6,A,"(0, 1, 5, 8)",Cad,C--,C--,A,,
1200,C--,C--,6,A,"(0, 1, 5, 8)",Cad,C--,C--,A,,
1201,C--,C--,6,A,"(0, 1, 5, 8)",Cad,C--,C--,A,,
1202,C--,C--,6,A,"(0, 1, 5, 8)",Cad,C--,C--,A,,
1203,C--,C--,6,A,"(0, 1, 5, 8)",Cad,C--,C--,A,,
1204,C--,C--,6,A,"(0, 1, 5, 8)",Cad,C--,C--,A,,
1205,C--,C--,6,A,"(0, 1, 5, 8)",Cad,C--,C--,A,,
1206,C--,C--,6,A,"(0, 1, 5, 8)",Cad,C--,C--,A,,
1207,C--,C--,6,A,"(0, 1, 5, 8)",Cad,C--,C--,A,,
1208,C--,C--,6,A,"(0, 1, 5, 8)",Cad,C--,C--,A,,
1209,C--,C--,6,A,"(0, 1, 5, 8)",Cad,C--,C--,A,,
1210,C--,C--,6,A,"(0, 1, 5, 8)",Cad,C--,C--,A,,
1211,C--,C--,6,A,"(0, 1, 5, 8)",Cad,C--,C--,A,,
1212,C--,C--,6,A,"(0, 1, 5, 8)",Cad,C--,C--,A,,
1213,C--,C--,6,A,"(0, 1, 5, 8)",Cad,C--,C--,A,,
1214,C--,C--,6,A,"(0, 1, 5, 8)",Cad,C--,C--,A,,
1215,C--,C--,6,A,"(0, 1, 5, 8)",Cad,C--,C--,A,,
1216,C--,C--,6,A,"(0, 1, 5, 8)",Cad,C--,C--,A,,
1217,C--,C--,6,A,"(0, 1, 5, 8)",Cad,C--,C--,A,,
1218,C--,C--,6,A,"(0, 1, 5, 8)",Cad,C--,C--,A,,
1219,C--,C--,6,A,"(0, 1, 5, 8)",Cad,C--,C--,A,,
1220,C--,C--,6,A,"(0, 1, 5, 8)",Cad,C--,C--,A,,
1221,C--,C--,6,A,"(0, 1, 5, 8)",Cad,C--,C--,A,,
1222,C--,C--,6,A,"(0, 1, 5, 8)",Cad,C--,C--,A,,
1223,C--,C--,6,A,"(0, 1, 5, 8)",Cad,C--,C--,A,,
1224,C--,C--,6,A,"(0, 1, 5, 8)",Cad,C--,C--,A,,
1225,C--,C--,6,A,"(0, 1, 5, 8)",Cad,C--,C--,A,,
1226,C--,C--,6,A,"(0, 1, 5, 8)",Cad,C--,C--,A,,
1227,C--,C--,6,A,"(0, 1, 5, 8)",Cad,C--,C--,A,,
1228,C--,C--,6,A,"(0, 1, 5, 8)",Cad,C--,C--,A,,
1229,C--,C--,6,A,"(0, 1, 5, 8)",Cad,C--,C--,A,,
1230,C--,C--,6,A,"(0, 1, 5, 8)",Cad,C--,C--,A,,
1231,C--,C--,6,A,"(0, 1, 5, 8)",Cad,C--,C--,A,,
1232,C--,C--,6,A,"(0, 1, 5, 8)",Cad,C--,C--,A,,
1233,C--,C--,6,A,"(0, 1, 5, 8)",Cad,C--,C--,A,,
1234,C--,C--,6,A,"(0, 1, 5, 8)",Cad,C--,C--,A,,
1235,C--,C--,6,A,"(0, 1, 5, 8)",Cad,C--,C--,A,,
1236,C--,C--,6,A,"(0, 1, 5, 8)",Cad,C--,C--,A,,
1237,C--,C--,6,A,"(0, 1, 5, 8)",Cad,C--,C--,A,,
1238,C--,C--,6,A,"(0, 1, 5, 8)",Cad,C--,C--,A,,
1239,C--,C--,6,A,"(0, 1, 5, 8)",Cad,C--,C--,A,,
1240,C--,C--,6,A,"(0, 1, 5, 8)",Cad,C--,C--,A,,
1241,C--,C--,6,A,"(0, 1, 5, 8)",Cad,C--,C--,A,,
1242,C--,C--,6,A,"(0, 1, 5, 8)",Cad,C--,C--,A,,
1243,C--,C--,6,A,"(0, 1, 5, 8)",Cad,C--,C--,A,,
1244,C--,C--,6,A,"(0, 1, 5, 8)",Cad,C--,C--,A,,
1245,C--,C--,6,A,"(0, 1, 5, 8)",Cad,C--,C--,A,,
1246,C--,C--,6,A,"(0, 1, 5, 8)",Cad,C--,C--,A,,
1247,C--,C--,6,A,"(0, 1, 5, 8)",Cad,C--,C--,A,,
1248,C--,C--,6,A,"(0, 1, 5, 8)",Cad,C--,C--,A,,
1249,C--,C--,6,A,"(0, 1, 5, 8)",Cad,C--,C--,A,,
1250,C--,C--,6,A,"(0, 1, 5, 8)",Cad,C--,C--,A,,
1251,C--,C--,6,A,"(0, 1, 5, 8)",Cad,C--,C--,A,,
1252,C--,C--,6,A,"(0, 1, 5, 8)",Cad,C--,C--,A,,
1253,C--,C--,6,A,"(0, 1, 5, 8)",Cad,C--,C--,A,,
1254,C--,C--,6,A,"(0, 1, 5, 8)",Cad,C--,C--,A,,
1255,C--,C--,6,A,"(0, 1, 5, 8)",Cad,C--,C--,A,,
1256,C--,C--,6,A,"(0, 1, 5, 8)",Cad,C--,C--,A,,
1257,C--,C--,6,A,"(0, 1, 5, 8)",Cad,C--,C--,A,,
1258,C--,C--,6,A,"(0, 1, 5, 8)",Cad,C--,C--,A,,
1259,C--,C--,6,A,"(0, 1, 5, 8)",Cad,C--,C--,A,,
1260,C--,C--,6,A,"(0, 1, 5, 8)",Cad,C--,C--,A,,
1261,C--,C--,6,A,"(0, 1, 5, 8)",Cad,C--,C--,A,,
1262,C--,C--,6,A,"(0, 1, 5, 8)",Cad,C--,C--,A,,
1263,C--,C--,6,A,"(0, 1, 5, 8)",Cad,C--,C--,A,,
1264,C--,C--,6,A,"(0, 1, 5, 8)",Cad,C--,C--,A,,
1265,C--,C--,6,A,"(0, 1, 5, 8)",Cad,C--,C--,A,,
1266,C--,C--,6,A,"(0, 1, 5, 8)",Cad,C--,C--,A,,
1267,C--,C--,6,A,"(0, 1, 5, 8)",Cad,C--,C--,A,,
1268,C--,C--,6,A,"(0, 1, 5, 8)",Cad,C--,C--,A,,
1269,C--,C--,6,A,"(0, 1, 5, 8)",Cad,C--,C--,A,,
1270,C--,C--,6,A,"(0, 1, 5, 8)",Cad,C--,C--,A,,
1271,C--,C--,6,A,"(0, 1, 5, 8)",Cad,C--,C--,A,,
1272,C--,C--,6,A,"(0, 1, 5, 8)",Cad,C--,C--,A,,
1273,C--,C--,6,A,"(0, 1, 5, 8)",Cad,C--,C--,A,,
1274,C--,C--,6,A,"(0, 1, 5, 8)",Cad,C--,C--,A,,
1275,C--,C--,6,A,"(0, 1, 5, 8)",Cad,C--,C--,A,,
1276,C--,C--,6,A,"(0, 1, 5, 8)",Cad,C--,C--,A,,
1277,C--,C--,6,A,"(0, 1, 5, 8)",Cad,C--,C--,A,,
1278,C--,C--,6,A,"(0, 1, 5, 8)",Cad,C--,C--,A,,
1279,C--,C--,6,A,"(0, 1, 5, 8)",Cad,C--,C--,A,,
